-- MySQL dump 10.13  Distrib 5.7.26, for Linux (x86_64)
--
-- Host: mysql10-farm76.kinghost.net    Database: solevento
-- ------------------------------------------------------
-- Server version	5.6.36-log

/*!40101 SET @OLD_CHARACTER_SET_CLIENT=@@CHARACTER_SET_CLIENT */;
/*!40101 SET @OLD_CHARACTER_SET_RESULTS=@@CHARACTER_SET_RESULTS */;
/*!40101 SET @OLD_COLLATION_CONNECTION=@@COLLATION_CONNECTION */;
/*!40101 SET NAMES utf8 */;
/*!40103 SET @OLD_TIME_ZONE=@@TIME_ZONE */;
/*!40103 SET TIME_ZONE='+00:00' */;
/*!40014 SET @OLD_UNIQUE_CHECKS=@@UNIQUE_CHECKS, UNIQUE_CHECKS=0 */;
/*!40014 SET @OLD_FOREIGN_KEY_CHECKS=@@FOREIGN_KEY_CHECKS, FOREIGN_KEY_CHECKS=0 */;
/*!40101 SET @OLD_SQL_MODE=@@SQL_MODE, SQL_MODE='NO_AUTO_VALUE_ON_ZERO' */;
/*!40111 SET @OLD_SQL_NOTES=@@SQL_NOTES, SQL_NOTES=0 */;

--
-- Table structure for table `brinquedo`
--

DROP TABLE IF EXISTS `brinquedo`;
/*!40101 SET @saved_cs_client     = @@character_set_client */;
/*!40101 SET character_set_client = utf8 */;
CREATE TABLE `brinquedo` (
  `id_brinquedo` int(11) NOT NULL AUTO_INCREMENT,
  `nome_brinquedo` varchar(45) DEFAULT NULL,
  `valor_brinquedo` float NOT NULL DEFAULT '0',
  `quantidade` int(11) NOT NULL DEFAULT '0',
  `caracteristicas` varchar(45) DEFAULT NULL,
  `foto_brinquedo` varchar(100) DEFAULT NULL,
  `observacao` varchar(200) DEFAULT NULL,
  `esta_disponivel` int(11) DEFAULT NULL,
  PRIMARY KEY (`id_brinquedo`)
) ENGINE=InnoDB AUTO_INCREMENT=15 DEFAULT CHARSET=utf8;
/*!40101 SET character_set_client = @saved_cs_client */;

--
-- Dumping data for table `brinquedo`
--

LOCK TABLES `brinquedo` WRITE;
/*!40000 ALTER TABLE `brinquedo` DISABLE KEYS */;
INSERT INTO `brinquedo` VALUES (3,'Cama Elástica',150,2,'3m','imagens/aluguel-de-cama-elástica-sem_fundo.png','Mola enferrujada',NULL),(4,'Castelo com Tourinho',170,1,'Tourinho, escorrega e pula pula','imagens/castelo_com_piscina_de_bolinhas.png','Nenhuma',NULL),(5,'Castelo com Tourinho',170,1,'Tourinho, escorrega e pula pula','imagens/castelo_com_piscina_de_bolinhas.png','Nenhuma',NULL),(6,'Tobogã Jacaré',300,1,'4,5m de altura x 7 de comprimento','imagens/castelo_piscina_touro.png','nenhuma',NULL),(7,'Tobogã Jacaré',300,1,'4,5m de altura x 7 de comprimento','imagens/escorrega.png','segundo da lista',NULL),(8,'tubarao',250,1,'legal','imagens/escorrega.png','nenhuma',NULL),(9,'tubarao',250,1,'legal','imagens/escorrega.png','nenhuma',NULL),(10,'Castelo',170,1,'legal','imagens/castelo_com_piscina_de_bolinhas.png','daslkjfalsfj',NULL),(11,'Gangorrinha',20,5,'Plástica','imagens/gangorrinha.png','',NULL),(13,'Castelo Tubarão',250,1,'Grandão','imagens/piscina_leona.png','é grande',NULL),(14,'Pebolim',100,2,'1,2m x 0,6m','imagens/IMG_20180119_184309945.jpg','Nenhuma',NULL);
/*!40000 ALTER TABLE `brinquedo` ENABLE KEYS */;
UNLOCK TABLES;

--
-- Table structure for table `cliente`
--

DROP TABLE IF EXISTS `cliente`;
/*!40101 SET @saved_cs_client     = @@character_set_client */;
/*!40101 SET character_set_client = utf8 */;
CREATE TABLE `cliente` (
  `id_cliente` int(11) NOT NULL AUTO_INCREMENT,
  `nome` varchar(100) DEFAULT NULL,
  `cpf` varchar(45) DEFAULT NULL,
  `logradouro` varchar(200) DEFAULT NULL,
  `numero` int(11) DEFAULT NULL,
  `complemento` varchar(45) DEFAULT NULL,
  `observacao_endereco` varchar(100) DEFAULT NULL,
  `cidade` varchar(100) DEFAULT NULL,
  `telefone` varchar(100) DEFAULT NULL,
  `telefone_recado` varchar(100) DEFAULT NULL,
  `email` varchar(100) DEFAULT NULL,
  `observacao_cliente` varchar(200) DEFAULT NULL,
  `cliente_evento` int(11) unsigned zerofill DEFAULT NULL,
  `bairro` varchar(45) DEFAULT NULL,
  PRIMARY KEY (`id_cliente`)
) ENGINE=InnoDB AUTO_INCREMENT=2779 DEFAULT CHARSET=utf8 COMMENT='Tabela com dados dos clientes';
/*!40101 SET character_set_client = @saved_cs_client */;

--
-- Dumping data for table `cliente`
--

LOCK TABLES `cliente` WRITE;
/*!40000 ALTER TABLE `cliente` DISABLE KEYS */;
INSERT INTO `cliente` VALUES (1,'Eli','000.000.000-25','Rua Equador',165,'esq. av. Brasil','o cara se esconde','','51993101122','51991625582','eli.sm@hotmail.com','teste',NULL,NULL),(2,NULL,'000.000.000-00',NULL,11,'','','','54654646434343','','siliva@silvia.com.br','É uma baixinha porreta',NULL,NULL),(3,'Silvia','000.000.000-00','Rua Itália',11,'','','','54654646434343','','siliva@silvia.com.br','É uma baixinha porreta',NULL,NULL),(4,'Silvia','000.000.000-00','Rua Itália',11,NULL,NULL,'Caxias do Sul','54654646434343',NULL,'siliva@silvia.com.br','',NULL,NULL),(5,'maue','131232131231','lkfjsafçsajl',34543543,'','','','213234242342','','maue@hotmail','',NULL,NULL),(10,'maue','131232131231','lkfjsafçsajl',34543543,'çlkfjajfaç','fgsfgsd','sdfgsdfgdsgs','213234242342','adsfasfs','maue@hotmail','',NULL,NULL),(2470,'','8094281964','Salão da igreja luterana linha cachoera',0,'','','Luciano werpp','983178133','16:00:00','18/04/2018 21:28:15','',NULL,NULL),(2471,'','992.542.470-49',' 491\"',0,'','','Gislaine Braun','992109361','991747682','gislainegb2008@hotmail.com','',NULL,NULL),(2472,'','4106286927','Ainda nao sei wstou vendo um salao',0,'','','Simone','','15:30:00','23/04/2018 23:54:33','',NULL,NULL),(2473,'','6080753483','Estrada da laguna 9990',0,'','','Elizandra Guasselli Dariva ','5181588354','14:00:00','24/04/2018 16:11:40','',NULL,NULL),(2474,'','4105554986','Sao luiz 995',0,'','','Camila steinmacher morosini','981607240','15:30:00','26/04/2018 10:10:41','',NULL,NULL),(2475,'Jéssica da Silva Ferreira ','2412563055','\"Rua Brasília 1763\"',0,'','','Capão da Canoa ','51 982200- 2452','51 98241-9184','jessica.ferreira92@gmail.com','',NULL,NULL),(2476,'Priscila da Silva Gomes ','2183688017','Rua Tupirama 207 centro ',0,'','','Capão da canoa ','51992083957','51993207757','pri.kpao@hotmail.com','',NULL,NULL),(2477,'Aline Ennes','65100573297','Rua panapana n. 892',0,'','','Capao da canoa ','981989292','996481225','alineennes@hotmail.com','',NULL,NULL),(2478,'Adriele Martins Bendik de Oliveira','2999232071','Marechal Hermes da Fonseca 101\"Av Belo Horizonte 1232',0,'','','Tramandaí','51991418221','986531093','adrielemartinsbendik@gmail.com','',NULL,NULL),(2479,'Janice Barcelos Martins Bonatto Nunes','93316968091','Rua linguado 358',0,'','','Capão da Canoa ','51999001734','51995134059','bonattodivetro@outlook.com','',NULL,NULL),(2480,'Karina Magagnin Comerlatto ','95589872049','Av das Acácias 673\"Av. Jorge Dariva',0,'','','Osório ','981610080','998600506','karinamagagnin@gmail.com','',NULL,NULL),(2481,'Renata ','1625504055','Faustino Joao Pereira n 43 \"Av das acácias',0,'','','Capão da Canoa ','51985324543','51985899829','rerickf29@gmail.com','',NULL,NULL),(2482,'queli anjos','15:00:00','\"rua Argos',0,'','','Capão da canoa',' 648',' praia Guarani\"','275515044','',NULL,NULL),(2483,'Bruno da Rosa Reis','                         ','Linha Solidão ',0,'','','Maquiné','999024846','997378933','brunodarosa3@live.com','',NULL,NULL),(2484,'Andressa','','\"Rua cinquenta e três',0,'','','Tres cachoeiras ','\"Rua cinquenta e três',' 140','15:00:00','',NULL,NULL),(2485,'Tatiane schutt','1888023040','Primavera 3748',0,'','','Capão novo','51980404790','51980404790','danielassis@gmail.com.br','',NULL,NULL),(2486,'antonio mario sant anna bianchi','13:30:00','\"Av. Borges de Medeiros',0,'','','Porto Alegre',' nº 20 - Município de Xangri-lá - Maristela)',' Gourmeteria 1 (Casa 356)\"','681.149.660-68','',NULL,NULL),(2487,'Renato Pereira dos Santos ','28346351020','\"Rua 24 de setembro 961\"',0,'','','Tramandaí ','(51)996938412','','ren.p.santos@gmail.com','',NULL,NULL),(2488,'Joao Francisco Wenclevski ','870136062','Rua canopo 640 arco iris\"Rua canopo 640 Praia arco íris',0,'','','Capão da Canoa ','51991499861','51991458562','wenclevski@hotmail.com','',NULL,NULL),(2489,'Márcia Caetano c','60701706015','Rua Garibaldi 576 F',0,'','','Capão da canoa','999580021','998068920','mcaetanocosta@yahoo.com.br','',NULL,NULL),(2490,'Michele dos santos rolim','2023872081','Paraguaçu 4017\"Rua sempre viva ao lado da escolinha mundo novo no clube de mães ',0,'','','Capão da canoa ','983006059','','casaltrindade@hotmail.com.br','',NULL,NULL),(2491,'Vanessa','86833219087','Panamá 262 zona norte',0,'','','Capao da canoa','51) 9 97424306','51)9 85394026','vanessamelloh53@gmail.com','',NULL,NULL),(2492,'Solange Raquel Feldens Catto ','66533210025','Av Atlântica 197 Guarani ',0,'','','Capao da Canoa','99973 9513','','solagecatto@dohms.org.br','',NULL,NULL),(2493,'Cristina matias','734538001','\"Cravineas 3422\"',0,'','','Capão da canoa . Capão novo','51985395791','5196268011','scdistribuidora.vendas@gmail.com','',NULL,NULL),(2494,'Tarcíla Rinaldi','2135505048','Rua 4 número 44 morada do Sol',0,'','','Capão da canoa','82824486','','cilatarcila49@gmail.com','',NULL,NULL),(2495,'\"Solenir Coromberk Macedo','42361176068','Linha pontal 1691',0,'','','Morro Alto-Maquine ','998698583','','kika-macedo@outlook.com','',NULL,NULL),(2496,'Fabiano Silva de Souza','340284048','Rua Flávios Sheaffer 812',0,'','','Capão da Canoa','5199621564','','sizeengenharia@gmail.com','',NULL,NULL),(2497,'Priscila Silva Araujo','2726908055','Rua alexandrita 857',0,'','','Xangri-Lá','51981792179','986606689','priscilaa.araujjo@hotmail.com','',NULL,NULL),(2498,'Marisol quispe huamani ','84529440044','Rua são Domingos 78',0,'','','Arroio do Sal rs','51984630807','36873207','jlartesanato@hotmail.es','',NULL,NULL),(2499,'Mariana Correia dos Santos','89014715072','\"Rua Moacir 2085apto 403\"',0,'','','Capão  da Canoa ','51 986566069','51 36256069','marianacorreia@msn.com','',NULL,NULL),(2501,'Francisca Paim','697203041','\"Rua santa rosa 665 \"',0,'','','Capão da Canoa ','51981596177','51996075669','franchicapaim@hotmail.com','',NULL,NULL),(2502,'Caroline Porn','2789717095','Otto Rentz 512',0,'','','Taquari','51981999684','48998434718','carolpornn92@gmail.com','',NULL,NULL),(2503,'Christian','88963870006','\"Alameda da Serra 630 condominio interlagos\"',0,'','','Osorio','51 99870-6787','','christianmachado@macesa.com.br','',NULL,NULL),(2504,'Anderson','97475246000','\"condomínio Dubai lote 7 quadra 8\"',0,'','','capão da canoa','985756744','996240501','andmirandatk@hotmail.com','',NULL,NULL),(2505,'Anderson','97475246000','\"condomínio Dubai lote 7 quadra 8\"',0,'','','capão da canoa','985756744','996240501','andmirandatk@hotmail.com','',NULL,NULL),(2506,'Marlene ieki','68218257004','Rua equador 614',0,'','','Capão da canoa','999781710','980228051','ricaddpaola@gmail.com','',NULL,NULL),(2507,'Ingrid','4665195080','Rua Venâncio Aires número 927 Zona Nova',0,'','','Capão da Canoa','51996368727','51980325810','ingrid_rc99@hotmail.com','',NULL,NULL),(2508,'Ângela Cristina Pohl','','\"Dom Luis Guanella',0,'','','Capão da canoa','1273 zona nova Entra Venancio Aires lado serra',' 3 rua a esquerda','Facebook','',NULL,NULL),(2509,'Gabrielle Veppo ','2340546036','Rua Peri 1395',0,'','','Capão da Canoa ','51981472186','34161395','gabiveppo@yahoo.com.br','',NULL,NULL),(2510,'Sabrina Aparecida Camargo','776299069','Rua Honório Germano\"Rua hespanha num. 508 esquina com Av. Brasil',0,'','','Capão da Canoa','51981606972','','Sabrinaaparecidacamargo@gmail.com','',NULL,NULL),(2511,'Caroline Trespach','15:30:00','\"Rs389',0,'','','Osorio',' km 5',' n 2113\"','1492499005','',NULL,NULL),(2512,'Lindsey Decorações e eventos','1199527009','Rua:aparicio brandino de oliveira 2890\"Rua:Homoro Ribeiro',0,'','','Xangri-la ','t51-985068566','','lindseydecoracoeseeventos@gmail.com','',NULL,NULL),(2513,'Denise','407679065','Rua Igrejinha\"Rua Igrejinha',0,'','','Capão da Canoa','51993515125','51991549055','deniseviesloski@gmail.com','',NULL,NULL),(2514,'Ana Paula dos Santos Portela','1094528013','Rio Comandai 412',0,'','','Xangri-lá','985520334','991282181','portelaa341@gmail.com','',NULL,NULL),(2516,'Carlos Alberto Steinmetz','966354440_68','Rua São Pedro n 595',0,'','','Capao da Canoa','999681056','985029171','carlossteinmetz@dohms.org.br','',NULL,NULL),(2517,'Franciele','O1454016000','Rua Miraguaia 613',0,'','','Capão','992092879','999784404','moriavidros@gmail.com','',NULL,NULL),(2518,'Débora Maria da Silva','15:30:00','\"Avenida Rubi',0,'','','XANGRI-LA',' Rainha do Mar',' Xangrilá O Sorvetao\"','769017002','',NULL,NULL),(2519,'Jacksiane Gottlieb','81011148072','\"Rua Diamantina 273 bairro: Marambaia\"',0,'','','Arroio do Sal','51996434603','51998425410','jacksianegott@gmail.com','',NULL,NULL),(2520,'Gislaine O. Moraes','777848040','\"Rua Iraí 1932\"',0,'','','Imbé','51 982326627','','nanydihl@hotmail.com','',NULL,NULL),(2521,'Uiliam Nunes Martins ','009181980-62','Rua Rio das contas 89',0,'','','Xangrilá ','992139999','','uiliammartins4537@gmail.com','',NULL,NULL),(2522,'Caroline chiossi','2825462004','Casa\"Rua orion 680 bairro arco iris ',0,'','','Capão da canoa ','5193124447','51992475262','karolcaroline22@gmail.com','',NULL,NULL),(2523,'Rafael Zorzo de Oliveira','(51)9 9189-9960','\"Rodovia RS-389',0,'','','Osório','\"Rodovia RS-389',' km 6','Dimitri Shael dos Santos Oliveira','',NULL,NULL),(2524,'Ana lucia da rosa braga','1656164078','Rua Abilioboaventura',0,'','','Arroio do sal','51 989508587','998203768','marcoalarme.venda@gmail.com','',NULL,NULL),(2525,'Jonas lopes','878660054','Rua Quintino Bocaiuva n 402',0,'','','Xangri-lá ','51996392571','','lopes.jb@hotmail.com','',NULL,NULL),(2526,'michelle silva','417372027','\"Rua arroio do meio 1001',0,'','','Capão da Canoa','51 999876299','51 998009991','mixachites83@gmail.com','',NULL,NULL),(2527,'Juliana Soster','91721067','Av. Central 2000 G24 (Condado de Capão)',0,'','','Capão da Canoa','993417477','999776064','ju.soster@hotmail.com','',NULL,NULL),(2528,'Helena Woida','991.969.300-63','Rua Carlos Trein Filho 135/301 ',0,'','','Porto Alegre','51 99925-1771','51 98189-4929 ','helenawoida@hotmail.com','',NULL,NULL),(2529,'Fabio','1107393027','Sol nacente 645',0,'','','Capão da canoa ','992050038','34166658','fabiopederiva.1@gmail.com','',NULL,NULL),(2530,'Carina de Melo Justin ','020.114.730-04','Estrada Zé Coca n 80',0,'','','Três Forquilhas ','51 981871070','51 981348829','carinamjustin2@gmail.com','',NULL,NULL),(2531,'Carina','2895160058','Av das dálias 3616 capão novo',0,'','','Capão da canoa','997181935','982408555','carimoraisdasilva@gmail.com','',NULL,NULL),(2532,'welington','848-798-660-91','rua nicaragua numero 192',0,'','','capao da canoa rs','995490116','','leonardolb3@gmail.com','',NULL,NULL),(2533,'Mateus da Rosa Pereira','15:00:00','\"Rua Uruguaiana',0,'','','Imbé ',' 1399',' Imbé \"','81238894020','',NULL,NULL),(2534,'Aline Mendes Pacheco ','1154935060','\"Rua da Brigada Militar 330\"',0,'','','Capão da Canoa','51997278505','51996124499','alinemendesp@gmail.com','',NULL,NULL),(2535,'Sabrina matos ','85396648015','Rua sergipe  número 119',0,'','','Capão da canoa ','51999510940','51998115966','5198117721s@gmail.com ','',NULL,NULL),(2536,'Sabrina matos ','85396648015','Bairro Jardim Beira Mar ',0,'','','Capão da canoa ','51999510940','51998115936','5198117721s@gmail.com','',NULL,NULL),(2537,'Tatiana Ferrari Corrêa','816706050','Papaterra ',0,'','','Capão da canoa','995497600','36256856','tatiana.ferrari@gmail.com','',NULL,NULL),(2538,'Queli de lima Silva ','O0648995003','Rua 9 numero 959 guarani ',0,'','','Capao da canoa ','51997407791','51997407793','marcel.mpresss@gmail.com','',NULL,NULL),(2539,'Nilseia ','747014010 72','\"Rua Veranópolis 64\"',0,'','','Capão da Canoa','51 982605115','51 982078207','cap.can@hotmail.com','',NULL,NULL),(2540,'Helen Moreira ','1115749005','Av central 2000',0,'','','Capão da Canoa ','51995441449','','helenlarice@hotmail.com','',NULL,NULL),(2541,'Renata','91650976020','Condado Q 2 L 9',0,'','','Capão da Canoa','993116660','35026404','renatapereirakurt9@hormail.com','',NULL,NULL),(2542,'Associação dos Funcionários Municipais de Tramandaí','90.938.002/0001-19','\"Rua: Pernambuco1728\"',0,'','','Tramandai','51- 3684-1654','51-992883123','afmt1984@hotmail.com','',NULL,NULL),(2543,'Douglas','3070893040','26 de maio 1900 figueirinha',0,'','','Arroio do sal','980262079','996008465','silvadouglas1@hotmail.com','',NULL,NULL),(2544,'Douglas','3070893040','26 de maio1900 figueirinha',0,'','','Arroio do sal ','980262079','996008465','silvadouglas1@hotmail.com','',NULL,NULL),(2545,'Dauana fagundes','1515754014','Rua boca de leao',0,'','','Capao Da Canoa','(51) 98114-5862','','dauyjulio@hotmail.com','',NULL,NULL),(2546,'Alessandra Ferreira','90686454049','\"930 Flavio Boianoviski\"',0,'','','Capão da Canoa','51993261173','5135025663','adurfer1609@gmail.com','',NULL,NULL),(2547,'Tanise da Silva Felix','2351467060','Avenida Paraguassú',0,'','','Xangri-Lá','51992414086','5136896860','xangrila@litoralimoveisclass.com.br','',NULL,NULL),(2548,'Jéssica Machado Ribeiro','07:30:00','\"Rua dos Ipês',0,'','','Arroio do Sal',' logo após passar o trevo',' a esquerda.\"','2632912008','',NULL,NULL),(2549,'Debora evelyn da silva ','2276756063','Rua daltro filho n° 920 ',0,'','','Capao da canoa ','999222013','983351915','debora_amts@hotmail.com','',NULL,NULL),(2550,'Joi ','0','\"Rua A 1\"',0,'','','Canoas','51997730777','51992287780','joyfestasrs@gmail.com','',NULL,NULL),(2551,'Rodrigo Ramos Bairros','00316218057','Rua Artur a da Silva ',0,'','','Capão da canoa ','4155981420286','55981420286','rodrigobairros@yahoo.com.br','',NULL,NULL),(2552,'Tiele Oliveira Freitas ','00365826030','Rua das Corticeiras 267',0,'','','Arroio do Sal ','51996863705','36871042','tieli_ofs@outlook.com','',NULL,NULL),(2553,'Alice Lima','01925645010','Casemiro de abreu 1557/801\"Condominio Villagio Av. Jaçana 951',0,'','','Porto Alegre','51993352395','','alicebf@hotmail.com','',NULL,NULL),(2554,'Paulo Ignacio ','89838157015','\"Rua universitária 1900\"',0,'','','Torres','51981635678','','paulo.ignacio@ulbra.br','',NULL,NULL),(2555,'Viviane da Silva Martins','1564002004','\"Avenida Carlos Barbosa 1553 Quatro Lagos\"',0,'','','Arroio do Sal','51 998749083','51 36873558','soe.escolaleonel@gmail.com','',NULL,NULL),(2556,'Claudia','75846764053','Av paraguassu sn',0,'','','Arroio teixeira','91382101','','claudia71roxo@gmail.com','',NULL,NULL),(2557,'Daiane Albino','006.273.930-12','av central nº 2000 ',0,'','','Capão da canoa ','5136252726','51981018743','compras@condadodecapao.com','',NULL,NULL),(2558,'Janaína Martins da Silva','76812480053','\"Joaquin Nunes 720\"',0,'','','Três Forquilhas','5181893349','5181893349','janamartins707@gmail.com','',NULL,NULL),(2559,'janaina dos Santos','123261007','rua pedro higino silveira1224 xangri la',0,'','','XANGRI-LA','5136891579','51 997229874','pitty2_tolentino@hotmail.com','',NULL,NULL),(2560,'Danichele Cipriani ','89691369087','Rua Rio Jacui 1331 lote D2 Condomínio Enseada',0,'','','Xangri-Lá ','51982418888','51983428888','ciprianiarquitetura@gmail.com','',NULL,NULL),(2561,'Joyce','2115347064','Rua rio comandai 212 ',0,'','','Xangrila','982814847','982269489','joyce.c.tolentino@gmail.com','',NULL,NULL),(2563,'Cristiane da silva Endres Mendonça ','1455891029','Rua Marabá 2097',0,'','','Capão da Canoa ','51982267494','983124645','cdsem50@yahoo.com.br','',NULL,NULL),(2564,'Sindicato Intermunicipal dos Professores de Instituições Federais de Ensino Superior do RS','90757204000164','\"Rua Barão do Amazonas 1581 Jardim botânico\"',0,'','','Porto Alegre','51 991189814','51 998048192','gestaodepessoas-cln@ufrgs.br','',NULL,NULL),(2565,'Sindicato Intermunicipal dos Professores de Instituições Federais de Ensino Superior do RS','90757204000164','\"Rua Barão do Amazonas 1581 Jardim botânico\"',0,'','','Porto Alegre','51 991189814','51 998048192','gestaodepessoas-cln@ufrgs.br','',NULL,NULL),(2566,'Sindicato Intermunicipal dos Professores de Instituições Federais de Ensino Superior do RS','90757204000164','\"Rua Barão do Amazonas 1581 Jardim botânico\"',0,'','','Porto Alegre','51 991189814','51 998048192','gestaodepessoas-cln@ufrgs.br','',NULL,NULL),(2567,'Michelle missel','93975341068','Av Paraguassu 2686',0,'','','Imbe','998412224','999590724','mihellemissel@hotmail.com','',NULL,NULL),(2568,'Carla Elizabete Teixeira Rech ','51996895597','\"Rua da Estufa',0,'','','Maquiné','\"Rua da Estufa',' bairro Mundo Novo','Indicação','',NULL,NULL),(2569,'Matteus moraes','3413401033','Mane leandro 2002',0,'','','Capao da canoa ','993592435','','andre102416@gmail.com','',NULL,NULL),(2570,'Matteus moraes ','3413401033','Rua mane leandro 2002 bairro zona nova ',0,'','','Capao da canoa ','993592435','','andre102416@gmail.com','',NULL,NULL),(2571,'Fábio Auler ','78635330072','Rua Bento Gonçalves 711',0,'','','Paraiso (Torres)','51 999633685','51 989041000','fabioauler@hotmail.com','',NULL,NULL),(2572,'Renata dos Santos Padilha ','','\"Rua Encantado',0,'','','Capão da Canos',' apto 705',' Capão da Canoa','','',NULL,NULL),(2573,'Lauren Cordeiro','1080853090','Rua das orquideas 3957- condominio villa borghese - capao novo',0,'','','Capao Novo','51 980262551','','lau.mariath@gmail.com','',NULL,NULL),(2574,'Vanessa','99248565034','\"Avenida paraguassu 1374 casa j12\"',0,'','','Atlântida sul','51982254141','51998817722','vanessavoll@hotmail.com','',NULL,NULL),(2575,'Lisete cafruni kuhn ','38203405053','11 De Agosto',0,'','','Porto Alegre','51993269107','992186572','lisetepaulinho@gmail.com','',NULL,NULL),(2576,'Lílian Fogaça Reis','65905288020','\"RUA OSVALDO ARANHA6133\"',0,'','','TERRA DE AREIA','5193526337','5191689708','lillithyfogaca@gmail.com','',NULL,NULL),(2577,'condado','51996262615','\"Travessa dos Escondidos',0,'','','Osorio',' 448',' condomínio Interlagos','Festa no condominio','',NULL,NULL),(2578,'Josiane','2261432011','Pedra branca',0,'','','Caraá','989588851','993300383','josyanebones@hotmail.com','',NULL,NULL),(2579,'Eduardo Nunes Ramos ','1120977070','Rua Maracanã n.370 Atlântida ',0,'','','Xangri-La ','51 999259444','51 999259444','dudununesramos@gmail.com','',NULL,NULL),(2580,'Roberta Fontana','738351024','\"Ponciano de Vargas 834- centro\"',0,'','','Arroio do sal','51 999281860','51 997709145','fontana.beta@gmail.com','',NULL,NULL),(2581,'Débora ','88745376034','Rua santa Elizaveth 1500',0,'','','capao da canoa','51991921011','51993755600','debinhamadruga@hotmail.com','',NULL,NULL),(2582,'Daiane Maciel','00388421061','Rua da orquídeas 2907 capão novo ',0,'','','Capao da Canoa ','51998846667','51997322725','maciedahl@gmail.com','',NULL,NULL),(2583,'Sheila Santos','02768080020','Viola\"Rua: Viola',0,'','','Capão da canoa','51995040188','51982107017','sheila-ss@hotmail.com','',NULL,NULL),(2584,'Manuela Casabuena','03132143014','Av parque 3 número 694',0,'','','Capãoda canoa','51995712220','','manuxv63@gmail.com','',NULL,NULL),(2585,'MORGANA MARIA DOS SANTOS MOREIRA','443812047','Av Paraguassu',0,'','','Xangri-lá','5197469635','36892469','morgmoreira@hotmail.com','',NULL,NULL),(2586,'Ana Claudia','90671430068','Rua maraba 2219 loja 08\"Rua Maraba 2219 loja 08 em frente aos Correios',0,'','','Capão da canoa','51991013074','5136651813','oicapao@gmail.com','',NULL,NULL),(2587,'Juliano','00095081046','Rua Tupanciretã 683',0,'','','Capão da canoa ','999707181','999707181','julianocapao@yahoo.com.br','',NULL,NULL),(2588,'Sabrina Procasko','1126702021','Rua das cravineas 3422 capão novo',0,'','','Capão da Canoa','981023948','991847200','despachante_central@hotmail.com','',NULL,NULL),(2589,'Franciele Moraes Machado','03470050040','Orestes Clemente serra',0,'','','Capão da canoa ','989043530','992167130','fran_kapao@hotmail.com','',NULL,NULL),(2590,'Andréia de Assis Padilha','08:30:00','\"Beta do Centauro',0,'','','Capão da Canoa','sem número-Km 05-Lagomar Capão da Canoa','RS \"','98042211015','',NULL,NULL),(2591,'Seloi Braga dos santos ','64822842053','Rua Sepetiba 1276',0,'','','Atlântida sul','980355218','','seloibraga41@gmail.com','',NULL,NULL),(2592,'Edenir braun','96353767072','Av Fernandes Bastos 2635 ao 01',0,'','','Tramandai','54 996295968','51 98585-5979','edenir@lustro.com.br','',NULL,NULL),(2593,'Paulo Cézar Bezerra Fernandes','00041034082','\"Rua Gênova 384\"',0,'','','Tramandaí','51993288555','5199752975','fklovan@gmail.com','',NULL,NULL),(2594,'sabrina lopes','85139947072','rua das zineas 3540',0,'','','capao novo','(51)9.8509.9860','(51)9.8686.2131','juliano.schimit@hotmail.com','',NULL,NULL),(2595,'sabrina oliveira','85139947072','rua das zineas 3540',0,'','','capao novo','985.099.860','986.862.131','juliano.schimit@hotmail.com','',NULL,NULL),(2596,'Irineu Bertei Dellamea','339427730-15','Rua da Dálias 3736',0,'','','Capão da Canoa','998784534','999738624 Nelma','irineu@dellazzi.com.br','',NULL,NULL),(2597,'Joao','70577510010','Rua sto amaro 396 ',0,'','','Capao da canoa ','981174981','981542219','portariailhaspark@hotmail.com','',NULL,NULL),(2598,'Adriano Cunha','95418482068','av.paraguassu n.1094 sala 03\"RS 407 km 9 Maquine',0,'','','Xangrila','51 999983800','51 3689 1500','paulogarcia@paulogarcia.net','',NULL,NULL),(2599,'Tatiana Chaves Silva','77143841315','Rua Rio das Contas',0,'','','Xangri-Lá','51991002995','','tatianachavesnunes@gmail.com','',NULL,NULL),(2600,'Maite dutra','03205300009','Rua nova bassano 1342',0,'','','Capão da Canoa','993215207','993504976','maite.lorenzo15@gmail.com','',NULL,NULL),(2601,'Taiane prando kulisz','16:00:00','\"Rua rio jacuí 1331',0,'','','Xangri-La ',' salão de festas',' Xangri-Lá \"','00096477083','',NULL,NULL),(2602,'JORGE ERNANDES GALVAO DE SOUZA','58700056049','Joao Raulino De Souza 94',0,'','','Capão da Canoa','51996957740','','joregalvao1968@gmail.com','',NULL,NULL),(2603,'Anderson Inacio de Souza Guterres','88566005015','Rua Osório',0,'','','Capão da Canoa','51980217584','51995894538','guterres3006@hotmail.com','',NULL,NULL),(2604,'Douglas','600.568.860-04','\"Av. Orestes Clemente Serra 952\"',0,'','','Capão da Canoa/RS','(51) 98147 0015','(51) 98177 4211','douglas-germano@hotmail.com','',NULL,NULL),(2605,'Andréia da Silva','14:00:00','\"Av. Ubirajara',0,'','','Capão da Canoa','\"Rua Pero',' 1395 - Escola de Educação Infantil Mundo Encantado - Zona Nova- Capão da Canoa/RS\"','76966461091','',NULL,NULL),(2606,'Angelica Ilustre Deuner','82779368004','\"Rio Apucae 1707\"',0,'','','Xangri-la','51992322212','','angelica.ilustre@yahoo.com.br','',NULL,NULL),(2607,'Condomínio Condado de Capão ','07515087000189','\"Av Central  nº 2000\"',0,'','','Capão da Canoa ','51981018743','5136252726','compras@condadodecapao.com','',NULL,NULL),(2608,'Bruna santos','04049171007','Roraima 33 quero quero\"phRua ceci1556',0,'','','Capao da canoa','51996337614','51980182978','bruhenegosantos123@gmail.com','',NULL,NULL),(2609,'Daniela de Oliveira','005052520-40','R: Atlantica',0,'','','Arroio do Sal - RS','51-995345148/51-995345149','','danielaoliveiradmjr@gmail.com','',NULL,NULL),(2610,'Jessica paloma costa da rosa','02992040054','Rua honorio germeno',0,'','','Capao da canoa','51991620194','','Jessicapaloma2207@gmail.com','',NULL,NULL),(2611,'Gustavo de Castilhos da Silva','','\"Rua Carlos Pessoa de Brum',0,'','','Porto Alegre',' s/n - Remanso',' Xangri-Lá - RS','Pesquisa na Internet','',NULL,NULL),(2612,'Bruno Vargas silva','03031398033','\"Rua nações unidas 788 bairro centro\"',0,'','','Canoas ','51991647978','51995168116','bv.silva@outlook.com','',NULL,NULL),(2613,'PAULO RENAN CENDRON MDON','81305605004','Rua Fioravante Milanez\"Rua Simões Lopes Neto',0,'','','Canoas','(51)982070441','(51)981407178','paulo.midon@gmail.com','',NULL,NULL),(2614,'Paula Szabo','988809180-87','\"Av Esmeralda 718\"',0,'','','Rainha do Mar','51 999930055','','paula.arqu@gmail.com','',NULL,NULL),(2615,'Ana Paula Lopes da Silva','00147299039','\"Av paraguassu 22 casa A3\"',0,'','','Xangrila','51996336375','51 99326-8811','analopesefi@gmail.com','',NULL,NULL),(2616,'Marluce Monteiro Fernandes ','02569373036','CTG João sobrinho ',0,'','','Capão da Canoa','51998204227','','dessadasilva7@gmail.com','',NULL,NULL),(2617,'Ananda','81585896004','Rua dos Girassóis número 18',0,'','','Praia Bom Jesus','51992622130','','ananda.terra.med@gmail.com','',NULL,NULL),(2618,'Sayonara Lima Corrêa','334.616.510.87','\"Rua Boca de Leão3724\"',0,'','','Capão Novo','51-99573-0505','51-99154-7045','sayonaralimacorrea@gmail.com','',NULL,NULL),(2619,'Michelle Pacheco','271220007','\"Rua Cangussu 236\"',0,'','','Porto Alegre','51993868448','','michellecarapeto@gmail.com','',NULL,NULL),(2620,'Natália S Skueresky Sieben','01297506030','Rua Camerino 157\"Rua Iraí',0,'','','Porto Alegre','51992594091','51 993248349','natiisoares@hotmail.com','',NULL,NULL),(2621,'Marilene ','15:30:00','Rua Mané Leandro 148 Santa Luzia ',0,'','','Capão da Canoa ',' Centro',' Xangri-lá ( Videira )\"','01620872099','',NULL,NULL),(2622,'Alessandra Rocha','80555004015','Rua marfim 207\"Rua marfim 207',0,'','','Rainha do Mar','48 991790365','51 997071186','alerocha.arqui@gmail.com','',NULL,NULL),(2623,'Greice Wasserstein','16:30:00','\"Av. Beira Mar',0,'','','Praia do Remanso- Xangri-Lá',' 109',' REMANSO-XANGRI-LÁ\"','9956424710-15','',NULL,NULL),(2624,'Graziele Segatto da cunha ','800050045','Condomínio Rossi Atlântida ',0,'','','Xangri-la','51994644910','34161712','grazi210@hotmail.com','',NULL,NULL),(2625,'Amanda da Costa Antunes ','81246072068','Rua do Farol 844 - Atlantida Sul ',0,'','','Atlantida Sul ','51991578791','','costamanda1@gmail.com','',NULL,NULL),(2626,'Cristiane Rauber de Carvalho','02583903950','\"Rua Rio Novo 2083 Condomínio Quintas do Lago',0,'','','Xangri-La ','51998125918','','cristirauber@yahoo.com.br','',NULL,NULL),(2627,'Mathias Cardoso Mariano','','\"Rua Leopoldo F. M da Rosa',0,'','','Capão da Canoa',' Capão da Canoa.\"','\"Rua Leopoldo F. M da Rosa','15:00:00','',NULL,NULL),(2628,'Claci Pranke Magalhães','17:00:00','\"Rua Eng. Fernando de Abreu Pereira',0,'','','Porto Alegre',' 1069. Esquina com rua 46',' Praia do Barco\"','421.464.610-04','',NULL,NULL),(2629,'Aline felini','00638487080','Av. Sul 12',0,'','','Noiva do mar','51999560761','51 99938151','afelini3@hotmail.com','',NULL,NULL),(2630,'Patrick pugens de oliveira ','02527261035','Rua dona regina  155',0,'','','Porto alegre ','51992889301','','umfuscaemeiobeer@hotmail.com','',NULL,NULL),(2631,'Gabriel','03663676099','Rua cisne Branco 320',0,'','','Xangri-la','051 996690144','051 996109045','gabrielnetto078@gmail.com','',NULL,NULL),(2632,'Thayana','01979909083','Ceci 1562',0,'','','Capão','051998555568','051989227269','thayanamenina@gmail.com','',NULL,NULL),(2633,'Cristiano Xavier Bayne','','\"Rua Com. Rodolfo Gomes',0,'','','Porto Alegre','t2',' Porto Alegre/RS\"','00:00:00','',NULL,NULL),(2634,'Bianca Santini','91601061072','Rua emboa 834',0,'','','Xangri-Lá ','51 997574858','51997334266','atelier@biancasantini.com.br','',NULL,NULL),(2635,'Ivens Berbick','74419501049','\"Rua Rio Negro 1123\"',0,'','','Xangri-la ','51-981761441','51-998568215','ivens@berbickseguros.com.br','',NULL,NULL),(2636,'Cláudia Caldas De Oliveira','96127007020','Libero Badaró 343 ap. 1303 torre A\"Av. Central de Capão da Canoa',0,'','','Porto Alegre','51 998443143','51 999988333','claudiadoliveira2011@gmail.com','',NULL,NULL),(2637,'Raquel','00277620090','Rua cinco numero 181',0,'','','Capao da canoa','998618382','998918246','rakie27@hotmail.com','',NULL,NULL),(2638,'Bruna Barbosa Schramm','01242564063','\"Rua Monte Castelo 205\"',0,'','','Praia de Curumim ','51984438157','51984149654','bruschramm@hotmail.com','',NULL,NULL),(2639,'Fernando Kern','60386053049','\"Rua Moacir 3149/601\"',0,'','','Capão da Canoa','51 997220440','51 36256160','fernando.kern@schindler.com','',NULL,NULL),(2640,'Milena Nienow Berlitz','15:00:00','\"Rua Guaraci',0,'','','Capão da Canoa',' 2929',' Apto 404 - Edifício Sydney (Salão de Festas)\"','753.532.370-72','',NULL,NULL),(2641,'Giovana rech','64672697053','Rua Inácio Alves da silva 811',0,'','','Capão da canoa','999945909','999019459','giovanarech2018@gmail.com','',NULL,NULL),(2642,'Juliana Andelieri da Silva ','60309016053','Av Frederico Rither 3565 casa 139',0,'','','Cachoeirinha','51992660865','','juliana.andelieri@gmail.com','',NULL,NULL),(2643,'Taís Medeiros','51981437400','\"Av. Diamante',0,'','','Xangri-Lá ',' Bairro Rainha do Mar','\"','Eduardo','',NULL,NULL),(2644,'Adriana Araujo','99732351004','Rua hilario ribeiro21/801',0,'','','Porto Alegre','51 998939636','51 993145399','adriana.d.araujo@gmail.com','',NULL,NULL),(2645,'Lidiane','97258229000','Rio comandai 1837',0,'','','Xangri-Lá ','51997797779','51997980056','lidiane@effexlog.com.br','',NULL,NULL),(2646,'Jociele Brusius','51993291920','\"Rua Balduino Dreger',0,'','','Curumim ','\"Rua Mal Mas de Moraes',' 710','Indicação','',NULL,NULL),(2647,'Vanessa Mello Stumpf','00870977024','\"Avenida Santa Rosa 1329 centro Imbé \"',0,'','','Imbé','51996449661','51996545628','vanessa_stumpf@hotmail.com','',NULL,NULL),(2648,'Debora hinchink dos santos','02566607001','Rio novo 2056',0,'','','Xangri la','51993906507','93906507','debyzynhasantos2015@gmail.com','',NULL,NULL),(2649,'Mariana petry ','96710357015','Av paraguassu 2696',0,'','','Imbe ','51984139490','','mariana.adv@tca.com.br','',NULL,NULL),(2650,'Aline Weber','00701593008','Rua Valesca Mosmann 218 ap 301\"Av. paragassu',0,'','','Parobé ','51 997072299','5199722320','weberaline@hotmail.com','',NULL,NULL),(2651,'Fernanda morelatto de Souza Immich ','82905827068','Rua general Lima e Silva 757 -apto 1809\"Praia de rainha do mar - rua 13A (Turmalina)',0,'','','Porto Alegre ','51 999786338','51992511353','femorelatto@hotmail.com','',NULL,NULL),(2652,'Cecilia Petry Rauber ','00682811025','\"Av. Paraguassú - Atlântida Sul Osório -\"',0,'','','Atlântida Sul ','51998520103','519881827525','cecilia@petryrauber.com.br','',NULL,NULL),(2653,'Fabiane Mastalir','96691140044','\"Rua Alegrete 1204\"',0,'','','Imbe','999667705','999746305','fabimastalir@gmail.com','',NULL,NULL),(2654,'Mauren Baccin','93170343068','Endereço do Condomínio Quintas do Lago  Rua Rio Novo 2083 CEP 955888-000  XANGRILA/RS\"Endereço do Condomínio Quintas do Lago  Rua Rio Novo 2083 CEP 955888-000  XANGRILA/RS',0,'','','Xangrila','51998385149','51998382052','mauren@mundodonto.com.br','',NULL,NULL),(2655,'Edgar Mattos da Silva ','00038239035','Alameda dos eucaliptos ',0,'','','Osório ','998183541','984599484','edgarms@ceee.com.br','',NULL,NULL),(2656,'Patricia ','98976214072','General Rondon 1077/ 701',0,'','','Porto alegre','51991623904','994614994','patricia.wolkmer80@gmail.com','',NULL,NULL),(2657,'Marcelo Felippe','09:00:00','\"Emília Stefani Aloísio',0,'','','Porto Alegre',' 85',' Xangrilá.\"','50900412020','',NULL,NULL),(2658,'Pauline silva','01462894046','Rua miraguaia n 613 jardim beira mar',0,'','','Capao da canoa','998210647','','paulinesabbath@gmail.com','',NULL,NULL),(2659,'Sabrina Mossmann','92951317034','\"Tipuana 555\"',0,'','','Atlântida ','51 993595666','','arq.sabrinamossmann@gmail.com','',NULL,NULL),(2660,'Fernanda Michel Teixeira','00504595032','\"Rua Deodoro 205/329 Torre H Porto Alegre-RS\"',0,'','','Porto Alegre','51992741521','51991178865','fernanda_michel@hotmail.com','',NULL,NULL),(2661,'Viviane Pereira de Araujo','92694241034','Condomínio Quintas do Lago - C9',0,'','','Xangrila','51999687329','','ojuaravivi@hotmail.com','',NULL,NULL),(2662,'CAROLINE ARAUJO ALBECHE PETERSEN','96344385049','RUA AFONSO TAUNAY 202 AP802\"RUA 6 NRO 759 ZONA NOVA CAPÃO DA CANOA',0,'','','PORTO ALEGRE','51981285150','16:00:00','caroline@webmarsen.com','',NULL,NULL),(2663,'Mirian Demeneghi Bitencourt','92460569068','Sepe 2222 ap.704 Centro Capao de Canoa',0,'','','Capao da Canoa','51 995487706','51 981656565','sadi@capaosul.com.br','',NULL,NULL),(2664,'Viviane Tuchtenhagen Dias','005796720-26','\"Condomínio Condado de Capão Q2 Lote 4\"',0,'','','Capão da Canoa ','(51)980269383','(51)997182882','vivianetuch@gmail.com','',NULL,NULL),(2665,'Luciana','851.466.090.04','Rua da zineas ',0,'','','Capao Novo ','992533836','983326319','luciana_azambuja1995@hotmail.com','',NULL,NULL),(2666,'Bruna ','01694024017','Rua imbuia 200',0,'','','Arroio Texeira','51989407076','51989407076','brunachelmes@gmail.com','',NULL,NULL),(2667,'Dannyelli Nunes','00791689069','Rua Barão do Rio Branco 825 Sapucaia do Sul ',0,'','','Xangri-la ','51992848368','51997378225','dannyanunes@gmail.com','',NULL,NULL),(2668,'Natalia','00447020005','Condomínio enseada',0,'','','Xangrila ','51992557391','','natalia_sperotto@hotmail.com','',NULL,NULL),(2669,'Jeferson Diogo Gerônimo de Souza','010.895.200-26','Rua 132 n°3875/ Posto 4 Capão Novo.',0,'','','Capão da canoa','051998720727','051998720727','mari_barrossouza@hotmail.com','',NULL,NULL),(2670,'Kheit','02699488054','\"Rua Santa Rosa n°1238. Bairro Santa Luzia\"',0,'','','Capão da Canoa ','999307259','999913993','kheitdias@gmail.com','',NULL,NULL),(2671,'Thais Selistre','97342483087','André Puente 185/302',0,'','','POA','51992552370','','thaissignori@gmail.com','',NULL,NULL),(2672,'HELENA WOIDA','99196930063','\"Rua Paissandu 246\"',0,'','','PORTO ALEGRE RS','51999251771','','helenawoida@hotmail.com','',NULL,NULL),(2673,'Isabel Cristina Nunes','89071085015','Rua das Margaridas 3665 - Apto 408',0,'','','Capão Novo - RS','51998314221','5199123875','isabel@bielog.com.br','',NULL,NULL),(2674,'Adriana Szimanski','00020223030','Rua georgia 172\"Rua Marfim 1161',0,'','','Canoas','51 992555662','51 93302073','adri_szimanski@yahoo.com.br','',NULL,NULL),(2675,'Claudia','00107045079','Rua Manoel Lopes Meirelles 115/ 13\"Rua Miraguaia',0,'','','Porto Alegre','51 999530125','51 998333611','ckappel@terra.com.br','',NULL,NULL),(2676,'Fernanda dariva ','01364937000','Avenida general Osório n 135',0,'','','MAQUINE ','996926255','997166360','izikar.maq@hotmail.com','',NULL,NULL),(2677,'Condomínio horizontal de lotes','06153314000100','\"Interbancários 412\"',0,'','','Porto alegre','51 998055951','','mariana@grougp.com.br','',NULL,NULL),(2678,'Cristiane Breitenbach','95843183068','Paulo Francisco de souza',0,'','','São Leopoldo','51994458282','','Ssilviacristiane@gmail.com','',NULL,NULL),(2679,'Condomínio Golden River','88374300000','\"Av. Paraguassu 2696\"',0,'','','Imbé','51998410452','','camorimagro@gmail.com','',NULL,NULL),(2680,'PATRICIA SCHAEFFER DA ROSA','77068122000','Padre Nobrega\"Ventura club',0,'','','Novo Hamburgo','51996702854','11975272744','patriciarosa0607@gmail.com','',NULL,NULL),(2681,'Gabriela Dewes Fogaça','00542005042','\"Rua Paulina Valim Dariva 961 Bairro Santo Antônio\"',0,'','','Capão da Canoa','51 984012454','','gabidewes@gmail.com','',NULL,NULL),(2682,'Priscilla Villa Verde ','00388924955','R Sezefredo Costa Torres 34 Sto Antonio ',0,'','','Osório ','51997578613','','privillaverde@hotmail.com','',NULL,NULL),(2683,'Bruna Daniele de Andrade','03337753094','Rua das rosas',0,'','','Capão da canoa','992077785','997936482','brunaandrade083@gmail.com','',NULL,NULL),(2684,'Maristela','95006486015','Rua 6 esqu com 10 num 515 guarani capao da canoa',0,'','','Capao da canoa','51 998478955','51997565641','cedineisimon@hotmail.com','',NULL,NULL),(2685,'Ingrid santos da silva','00209626062','\"Manoel nazario750 guara\"',0,'','','Xangri la','51 982610386','51 981124369','digaoracing@hotmail.com','',NULL,NULL),(2686,'Andréia Quiles dos Santos','988 298 900 49','Vila Costa do ceu n1531',0,'','','Maquine','9 95887443','996984706','vervideo1987@gmail.com','',NULL,NULL),(2687,'Ana Maria ','00953266001','Rua Coca Barcelos 1286',0,'','','Tramandai ','51997006081','','mariana.tramanda@hotmail.com','',NULL,NULL),(2688,'Luana da Silva','027.404.650-41','Rua Rodrigo Bittencourt de Farias',0,'','','Capão da canoa RS','51982232302','51982656441','luana00567@gmail.com','',NULL,NULL),(2689,'andrea ','01153904055','rua honorio germano 2009 quadra 15 lote 05 condominio dubai',0,'','','capao da canoa ','51 997828364','','jardimbeiramarcapao@hotmail.com','',NULL,NULL),(2690,'Annelise','80224695053','O mesmo',0,'','','Capão da canoa','51991885852','','liseboranga@yahoo.com.br','',NULL,NULL),(2691,'Fabio vieira dalateia','01212871065','Peru 667 zona norte',0,'','','Capao da canoa','985893464','','vieirafabio0575@gmail.com','',NULL,NULL),(2692,'Anderson','51799170004','Orion 661 Capão',0,'','','Capão da canoa','51-998973877','51-992080690','andersonlibio@gmail.com','',NULL,NULL),(2693,'Núbia Gonçalves','51997940293','\"Rua tulipas',0,'','','Capão da canoa',' capão da canoa\"','Salão de festas Anaí decorações','Indicação','',NULL,NULL),(2694,'Simone Menegotto','00328296040','\"Av. Paraguassu 2111\"',0,'','','Capão da Canoa','51986877687','54991164677','simone@bordadosbenevi.com.br','',NULL,NULL),(2695,'Deiviti','78708435120','Rua divisória 1479 Capão da Canoa',0,'','','Capão da canoa','989414005','996820410','keiti-apc@hotmail.com','',NULL,NULL),(2696,'Cherliane Cristovam da Silva','96574674034','Rua da divisa 745 Araçá Capão da Canoa',0,'','','Capão da canoa','982523343','999490728','diskgaseagua@globo.com','',NULL,NULL),(2697,'Ana Paula Klippel Knevitz','01693951037','Rua osmani veras 2122 bairro Olaria',0,'','','Terra de Areia','51996957305','51983101499','paulinhaklippel@hotmail.com','',NULL,NULL),(2698,'Dióice Fabrício Masschmann','00176979050','\"Rua treze de abril terra de Areia \"',0,'','','Terra de Areia ','51 989569066','','masschmann@gmail.com','',NULL,NULL),(2699,'Harlan Brusch da Silva','02666595005','\"Rio Das contas 170 centro \"',0,'','','Xangrila ','51999901500','51999756681','harlan@litoralimoveisclass.com.br','',NULL,NULL),(2700,'Francini Albuquerque ','01382813007','Ag Maracanã 688 atlantida xangrila \"Ag Maracanã 688 atlantida (fundos Saba',0,'','','Xangrila ','51984002788','51999285767','francinialbuquerque@gmail.com','',NULL,NULL),(2701,'Alesandra Nascimento Bertoldi','03004553058','Avenida Paraguassu',0,'','','Xangri-lá','51999304351','','alesandrabertoldi31@gmail.com','',NULL,NULL),(2702,'Aline Pandolfo','84649186072','Rua da pescaria 232 santa luzia',0,'','','Capao da canoa','51981880145','Nao tenho ','alinepandolfo9331@gmail.com','',NULL,NULL),(2703,'Lisiane fraga','03465671066','Nicaragua',0,'','','CAPAO DA CANOA','51985702364','992473722','davisinhopierry121314@gmail.com','',NULL,NULL),(2704,'Patrícia','01505049008','Rua Jardelino Ribeiro n59 bairro Guará',0,'','','Xangrilá','51 981305258','51 982582414','pms23paty@hotmail.com','',NULL,NULL),(2705,'Valéria Amaral Eibs','00621936006','Olmiro Lima 295 Guará',0,'','','Xangrilá','996043049','','valeriaeibs@hotmail.com','',NULL,NULL),(2706,'Escola de educação infantil Arca de Noé ','95275371004','Avenida Central 638 Atlântida Xangri Lá',0,'','','Capão da Canoa','51984251075','51984695464','fabidalla@icloud.com','',NULL,NULL),(2707,'Luana souza','69363587053','Rua Osvaldo Barbosa 256 xangri lá ',0,'','','Xangri lá ','998.810.693','996.778.958','luanadoissouza@gmail.com','',NULL,NULL),(2708,'Figueira Presentes','00668202009','Rua General 780\"Rua General Osório',0,'','','Capão da canoa','991931729','991202627','figueirapresentes@uol.com.br','',NULL,NULL),(2709,'Débora Cristine','95752919053','\"Rod. RS 030 KM 095 s/n-Tramandaí\"',0,'','','Tramandaí','51 982022434','997833113','de2004br@yahoo.com.br','',NULL,NULL),(2710,'Eliziane','69493430006','\"Avenida Beira Mar 1657\"',0,'','','Capão da Canoa ','2151997985123','','lizimattei@gmail.com','',NULL,NULL),(2711,'Emanuella ','01620675005','Rua general Osório 466',0,'','','Capão da canoa ','51 991845768','51 995437596','emanuella_moras@outoolk.com','',NULL,NULL),(2712,'Murilo santos de Oliveira','03393889001','Delfin da silva 24 Xangri-lá',0,'','','Xangri-lá','9999146833','999232363','murilo_santosdeoliveira@hotmail.com','',NULL,NULL),(2713,'Evelize Brito','01659369088','\"Rua Pedro Álvares Cabral450 no Arpoador em Xangri-La\"',0,'','','Xangri-La','51 995622395','51996605941','evelizebrito0805@gmail.com','',NULL,NULL),(2714,'Marilia Simão','00149960068','Av Ararigbóia 197/1204\"Rua araponga',0,'','','Atlântica ','51 992808253','981217052','mariliasbehenck@gmail.com','',NULL,NULL),(2715,'Gerson aquino','67203302091','Rua fas tulipas 4103',0,'','','Capao da canoa','51981696996','34163151','gerson.aquino@corsan.com.br','',NULL,NULL),(2716,'Matheus Costa','02170692070','\"estrada jorge pereira Nunes120\"',0,'','','Capão da canoa ','51993779605','','mbitencourtdacosta@gmail.com','',NULL,NULL),(2717,'Maylane Kyvian Bassani','03034639023','rua mané leandro\"R. Peri',0,'','','capão da canoa','51982988264','51982988264','mailane_bassani@hotmail.com','',NULL,NULL),(2718,'Rodrigo alves lunertz ','03004386054','Av parque 3 n1859 zona nova',0,'','','Capão da canoa','51999886816','51999886816','marielialves381@gmail.com','',NULL,NULL),(2719,'Jeniffer ','03411174048','Rua augusto manoel da silva n 60 bairro guará rm xangri la',0,'','','Xangri la','51999305917','51996366345','jenifferteixeira96012@gmail.com','',NULL,NULL),(2720,'Analise braz','02256254070','Tulipa 618',0,'','','Capao','992408823','986862895','anelisebraz30@gmail.com','',NULL,NULL),(2721,'Gustavo Bernardes','04572644039','Rua aguia real 268 casa figueirinha ',0,'','','Xangri-la','51992674103','51999674370','gustavobernardes002@gmail.com','',NULL,NULL),(2722,'Francielle','03592680056','Equador 457 capão da canoa ',0,'','','Capão da canoa ','996200816','995900959','francielle-silveira@live.com','',NULL,NULL),(2723,'Thainara Fernandes Viana','02910700003','General Osório 1479',0,'','','Morro alto maquine','51998356394','996475297','duda_borgesdasilva@hotmail.com','',NULL,NULL),(2724,'Deisi ','98943820020','Rua Boca de Leão n 661 Village Capão Novo ',0,'','','Capão da Canoa ','51 997800252','51 995304488','deisimenger@yahoo.com.br','',NULL,NULL),(2725,'Emanoelli Trindade','03827528054','Rua da Brigada Militar 1736 ap 1',0,'','',' Capão da Canoa','51980437909','51998985113','emanoelli.trindade11@gmail.com','',NULL,NULL),(2726,'Liégi Do Nascimento ','02539227040','Bom Jesus 12 Remanso(Xangri-Lá)',0,'','','Capão da canoa','991810782','992463590','liegidonascimentoketlin@gmail.com','',NULL,NULL),(2727,'Alessandra','01571046054','Av parque lll 716 capão da canoa',0,'','','Capão da Canoa','981803234','998008934','alessandramittmann@gmail.com','',NULL,NULL),(2728,'Sandra Mara Matias','52802035053','floricultura raizez',0,'','','Capão novo','999690630','36211954','floriculturaraizes@terra.com.br','',NULL,NULL),(2729,'Sandra Mara Matias','52802035053','Avenida Paraguassú 4330',0,'','','Capão da canoa','51999690630','36211954','floriculturaraizes@terra.com.br','',NULL,NULL),(2730,'Leandro Andreoli Nunes','98134442072','Rua 24 de Setembro 751 Ap 703',0,'','','Tramandaí','986093651','985655176','leandro.barbershop@gmail.com','',NULL,NULL),(2731,'Aline da Silva Peres Ferreira ','83817298072','Rua Santa Elizabet N: 2360',0,'','','Capão da canoa','51997629230','51997629230','aline.ministeriojovem@gmail.com','',NULL,NULL),(2732,'Cristiane','00470824026','Rua São Cristóvão 15 bairro Santa Luzia',0,'','','Capão da canoa','(51)982583393','','krystyane_krys@hotmail.com','',NULL,NULL),(2734,'berenisse','000','000',2,'0000','0000','0000','0000','0000','0000','',00000000000,NULL),(2735,'Pedro Ruas','sem vergonha',NULL,NULL,NULL,NULL,NULL,NULL,NULL,NULL,'',NULL,NULL),(2736,'Pedro Aguiar','000.000.000-25','Rua dos Butias',349,'','','','00000000','','pedro@aguiar.com','',NULL,NULL),(2737,'Julia Quintana Moraes','00653245017','estrada haroldo soares glavan 3838 ap 107',0,'','','Xangrila','51992377067','51985991596','juliaquintana@hotmail.com','',NULL,NULL),(2738,'Janete da Silva','992084477','\"Rua orquídeas',0,'','','Capão da canoa','2892 capão novo Casa\"','\"Entra rua mercado estrela do mar','Indicação','',NULL,NULL),(2739,'Taís Boff Ferreira','01585935026','Rua silvio octavio boff\"Rua silvio octavio boff',0,'','','TRES FORQUILHAS','51996811023','','tata.diqui@hotmail.com','',NULL,NULL),(2740,'Aline Botton','51981555667','\"avenida Rudá',0,'','','Xangri-lá',' Capão da canoa\"','\"Parque central sul','Thomas','',NULL,NULL),(2741,'Márcia ','00218438052','Paraguassu 140 praia araca',0,'','','Capao da canoa','981741413','3625.43.16','persianas_adonai@hotmail.com','',NULL,NULL),(2742,'Joice oliveira ','00793231035','Rua Cruzeiro do Sul ',0,'','','Capão da canoa ','995878952','982597854','koslowski.oliveira@gmail.com','',NULL,NULL),(2743,'Simone Da silva Cardoso ','96529199004','Estrada curumim 3960 terra areia perpetuo socorro',0,'','','Terra areia','51.985.160.373','51997288818','simone.ket@hotmail.com','',NULL,NULL),(2744,'Eli Somorovski Medeiros','002.689.930-25','Rua das Cornélias',586,'esq. av. Brasil',NULL,'Capão da Canoa','(51)9.9310.1122',NULL,'eli.sm@hotmail.com','',NULL,'Zona Norte'),(2745,'Eli Somorovski Medeiros','002.689.930-25','Rua das Cornélias',5486,'esq. av. Brasil',NULL,'Capão da Canoa',NULL,NULL,'',NULL,00000000000,'Zona Norte'),(2746,'Eli Somorovski Medeiros','002.689.930-25','Rua das Cornélias',586,'esq. av. Brasil',NULL,'Capão da Canoa',NULL,NULL,'',NULL,00000000000,'Zona Norte'),(2747,'Eli Somorovski Medeiros','002.689.930-25','Rua das Cornélias',586,'esq. av. Brasil',NULL,'Capão da Canoa',NULL,NULL,'',NULL,00000000000,'Zona Norte'),(2748,'Eli Somorovski Medeiros','002.689.930-25','Rua das Cornélias',586,'esq. av. Brasil',NULL,'Capão da Canoa',NULL,NULL,'',NULL,00000000000,'Zona Norte'),(2749,'Eli Medeiros','002.689.930-25','Rua Equador',165,'Esq. Av Brasil',NULL,'Capão da Canoa',NULL,NULL,'',NULL,00000000000,'Zona Norte'),(2750,'Eli Medeiros','002.689.930-25','Rua Equador',165,'Esq. Av Brasil',NULL,'Capão da Canoa',NULL,NULL,'',NULL,00000000000,'Zona Norte'),(2751,'Eli Somorovski Medeiros','002.689.930-25','Rua das Cornélias',212,'esq. av. Brasil',NULL,'Capão da Canoa',NULL,NULL,'',NULL,00000000000,'Zona Norte'),(2752,'Eli Somorovski Medeiros','002.689.930-25','Rua das Cornélias',586,'esq. av. Brasil',NULL,'Capão da Canoa',NULL,NULL,'',NULL,00000000000,'Zona Norte'),(2753,'Eli Somorovski Medeiros','002.689.930-25','Rua das Cornélias',586,'esq. av. Brasil',NULL,'Capão da Canoa',NULL,NULL,'',NULL,00000000000,'Zona Norte'),(2754,'Eli Somorovski Medeiros','002.689.930-25','Rua das Cornélias',586,'esq. av. Brasil',NULL,'Capão da Canoa',NULL,NULL,'',NULL,00000000000,'Zona Norte'),(2755,'Eli Somorovski Medeiros','002.689.930-25','Rua das Cornélias',586,'esq. av. Brasil',NULL,'Capão da Canoa',NULL,NULL,'',NULL,00000000000,'Zona Norte'),(2756,'Eli Somorovski Medeiros','002.689.930-25','Rua das Cornélias',586,'esq. av. Brasil',NULL,'Capão da Canoa',NULL,NULL,'',NULL,00000000000,'Zona Norte'),(2757,'Eli Somorovski Medeiros','002.689.930-25','Rua das Cornélias',586,'esq. av. Brasil',NULL,'Capão da Canoa',NULL,NULL,'',NULL,00000000000,'Zona Norte'),(2758,'Eli Somorovski Medeiros','002.689.930-25','Rua das Cornélias',586,'esq. av. Brasil',NULL,'Capão da Canoa',NULL,NULL,'',NULL,00000000000,'Zona Norte'),(2759,'Eli Somorovski Medeiros','002.689.930-25','Rua Garibaldi 576 F',586,'esq. av. Brasil',NULL,'Capão da Canoa',NULL,NULL,'',NULL,00000000000,'Zona Norte'),(2761,'Eli Somorovski Medeiros','002.689.930-25','Rua das Cornélias',586,'esq. av. Brasil',NULL,'Capão da Canoa',NULL,NULL,'',NULL,00000000000,'Zona Norte'),(2762,'Eli Somorovski Medeiros','002.689.930-25','Rua das Cornélias',233,'esq. av. Brasil',NULL,'Capão da Canoa',NULL,NULL,'',NULL,00000000000,'Zona Norte'),(2763,'Eli Somorovski Medeiros','002.689.930-25','Rua das Cornélias',58,'esq. av. Brasil',NULL,'Capão da Canoa','(51)9.9310.1122',NULL,'eli.sm@hotmail.com',NULL,NULL,'Zona Norte'),(2764,'Eli Somorovski Medeiros','002.689.930-25','Rua das Cornélias',56,'esq. av. Brasil',NULL,'Capão da Canoa','(51)9.9310.1122','(51)9.9310.1122','eli.sm@hotmail.com',NULL,NULL,'Zona Norte'),(2765,'Eli Medeiros','002.689.930-25','Rua Equador',369,'Esq. Av Brasil',NULL,'Capão da Canoa','(51)9.9310.1122','(51)9.9310.1122','eli.sm@hotmail.com',NULL,NULL,'Zona Norte'),(2766,'Eli Medeiros Filho','111.585.140-34','Olívia K Gerhardt, 465, Casa',465,'Casa',NULL,'Campo Bom','(51)9.8436.7589','(51)9.8954.0320','elimedeirosfilho@gmail.com',NULL,NULL,'Vila Rica'),(2767,'Márcia Araújo','945.302.465-00','Rua Santa rosa',865,'Casa',NULL,'Capão da Canoa','(51)9.8158.2246','(52)9.8133.4599','Marcia_inez63@hotmail.com',NULL,NULL,'Santo Antônio'),(2768,'Berenisse Azambuja','002.689.930-25','Rua das Cornélias',230,'esq. av. Brasil',NULL,'Capão da Canoa','(51)9.9310.1122','(51)9.9310.1122','bere@casa.com',NULL,NULL,'Zona Norte'),(2769,'Eli Somorovski Medeiros','002.689.930-25','Rua das Cornélias',231,'esq. av. Brasil',NULL,'Capão da Canoa','(51)9.9310.1122','(51)9.9310.1122','eli.sm@hotmail.com',NULL,NULL,'Zona Norte'),(2770,'Eli Somorovski Medeiros','002.689.930-25','Rua das Cornélias',231,'esq. av. Brasil',NULL,'Capão da Canoa','(51)9.9310.1122','(51)9.9310.1122','eli.sm@hotmail.com',NULL,NULL,'Zona Norte'),(2771,'Eli Somorovski Medeiros','002.689.930-25','Rua das Cornélias',231,'esq. av. Brasil',NULL,'Capão da Canoa','(51)9.9310.1122','(51)9.9310.1122','eli.sm@hotmail.com',NULL,NULL,'Zona Norte'),(2772,'Eli Somorovski Medeiros','002.689.930-25','Rua das Cornélias',321,'esq. av. Brasil',NULL,'Capão da Canoa','(51)9.9310.1122','(51)9.9310.1122','eli.sm@hotmail.com',NULL,NULL,'Zona Norte'),(2774,'Pedro Aguiar','002.689.930-25','Rua das Cornélias',21,'esq. av. Brasil',NULL,'Capão da Canoa','(51)9.9310.1122','(51)9.9310.1122','pedro@aguiar.com',NULL,NULL,'Simões Lopes'),(2775,'Cama Elástica','002.689.930-25','Rua das Cornélias',41,'esq. av. Brasil',NULL,'fdaf','(51)9.9310.1122','(51)9.9310.1122','maue@hotmail',NULL,NULL,'Simões Lopes'),(2776,'Eli Somorovski Medeiros','002.689.930-25','Rua das Cornélias',21,'esq. av. Brasil',NULL,'Capão da Canoa','(51)9.9310.1122','(51)9.9310.1122','eli.sm@hotmail.com',NULL,NULL,'Simões Lopes'),(2777,'Eli Medeiros','002.689.930-25','Rua Equador',165,'',NULL,'Capão da Canoa','(51)9.9310.1122','(51)9.9310.1122','eli.sm@hotmail.com',NULL,NULL,'Zona Norte'),(2778,'Eli Somorovski Medeiros','002.689.930-25','Rua das Cornélias',586,'esq. av. Brasil',NULL,'Capão da Canoa','(51)9.9310.1122','(51)9.9310.1122','eli.sm@hotmail.com',NULL,NULL,'Zona Norte');
/*!40000 ALTER TABLE `cliente` ENABLE KEYS */;
UNLOCK TABLES;

--
-- Table structure for table `evento`
--

DROP TABLE IF EXISTS `evento`;
/*!40101 SET @saved_cs_client     = @@character_set_client */;
/*!40101 SET character_set_client = utf8 */;
CREATE TABLE `evento` (
  `id_evento` int(11) NOT NULL AUTO_INCREMENT,
  `id_cliente` int(11) DEFAULT NULL,
  `data` datetime DEFAULT NULL,
  `logradouro` varchar(200) DEFAULT NULL,
  `numero` int(11) DEFAULT NULL,
  `complemento` varchar(100) DEFAULT NULL,
  `observacao` varchar(100) DEFAULT NULL,
  `cidade` varchar(45) DEFAULT NULL,
  `valor_total` varchar(45) DEFAULT NULL,
  `valor_desconto` float DEFAULT NULL,
  `valor_sinal` float DEFAULT NULL,
  `observacao_evento` varchar(45) DEFAULT NULL,
  `bairro` varchar(100) DEFAULT NULL,
  PRIMARY KEY (`id_evento`),
  KEY `id_cliente_idx` (`id_cliente`),
  CONSTRAINT `id_cliente` FOREIGN KEY (`id_cliente`) REFERENCES `cliente` (`id_cliente`) ON DELETE NO ACTION ON UPDATE NO ACTION
) ENGINE=InnoDB AUTO_INCREMENT=1232 DEFAULT CHARSET=utf8;
/*!40101 SET character_set_client = @saved_cs_client */;

--
-- Dumping data for table `evento`
--

LOCK TABLES `evento` WRITE;
/*!40000 ALTER TABLE `evento` DISABLE KEYS */;
INSERT INTO `evento` VALUES (1,1,'2019-04-19 14:50:52','Rua Ubatuba de Farias',165,'na esquina de casa','que casa em suja','Capão da Canoa','300',30,30,NULL,'Zona Norte'),(2,1,'2019-08-22 11:00:57','Rua das Candongas',243,'Num xiqueiro na esquina','Chegar cedo','Torres','300',30,29,NULL,'Zona Norte'),(3,5,'2019-06-22 14:05:36','Rua Itália',243,'Esq. Av. Japão','Chegar cedo','Xangri-lá','300',30,29,NULL,'Zona Norte'),(4,5,'2019-06-22 00:00:50','asdfasf',243,'','','dfsa','',0,0,NULL,'undefined'),(5,2,'2019-05-30 00:00:00','equador',165,'','','Capão','500',0,0,NULL,NULL),(6,2,'2019-05-30 00:00:00','equador',165,'','','Capão','500',0,0,NULL,NULL),(7,2,'2019-05-09 00:00:00','fsaf',342,'','','rearew','342432',0,0,NULL,NULL),(8,2,'2019-05-09 00:00:00','fsaf',342,'','','rearew','342432',0,0,NULL,NULL),(9,2,'2019-05-09 00:00:00','fsaf',342,'','','rearew','342432',0,0,NULL,NULL),(10,2,'2019-05-09 00:00:00','fsaf',342,'','','rearew','342432',0,0,NULL,NULL),(11,3,'2019-05-09 00:00:00','fsaf',342,'','','rearew','342432',0,0,NULL,NULL),(12,4,'2019-05-09 00:00:00','fsaf',342,'','','rearew','342432',0,0,NULL,NULL),(13,3,'2019-05-09 00:00:00','fsaf',342,'','','rearew','342432',0,0,NULL,NULL),(14,2,'2019-05-09 00:00:00','fsa',342,'','','rearew','342432',0,0,NULL,NULL),(15,2,'2019-05-09 00:00:00','fsa',342,'','','rearew','342432',0,0,NULL,NULL),(16,2,'2019-05-09 00:00:00','fsa',342,'','','rearew','342432',0,0,NULL,NULL),(19,3,'2019-05-30 00:00:00','Rua Arapuã',171,'Ligadona em você','affsdfsaf','Caxias do Sul','3430',54,29,NULL,NULL),(20,4,'2019-05-17 00:00:00','dfsafas',23424,'','','fsadfas','23423',0,0,NULL,NULL),(22,5,'2019-06-01 00:00:00','Ubatuba',427,'Esquina','É púrgante','Capão da Canoa','400',30,370,NULL,NULL),(24,1,'2019-08-30 00:00:00','bombando',455,'também',NULL,'Imbé','500',20,30,NULL,'undefined'),(25,1,'2019-09-02 20:30:44','23423423',23432,'','','dfsf','34',0,0,NULL,NULL),(26,1,'2019-09-05 11:21:25','sdfsf',32432,'','','sdfsdf','232',0,0,NULL,NULL),(820,2470,'2018-06-16 00:00:00','',0,'','','Luciano werpp',NULL,NULL,NULL,NULL,NULL),(821,2471,'2018-05-06 00:00:00','Rua ceci',0,'','','Gislaine Braun',NULL,NULL,NULL,NULL,NULL),(822,2472,'2018-06-24 00:00:00','',0,'','','Simone',NULL,NULL,NULL,NULL,NULL),(823,2473,'2018-06-03 00:00:00','',0,'','','Elizandra Guasselli Dariva ',NULL,NULL,NULL,NULL,NULL),(824,2474,'2018-05-31 00:00:00','',0,'','','Camila steinmacher morosini',NULL,NULL,NULL,NULL,NULL),(825,2475,'2018-06-10 00:00:00','\"Avenida Rudá n° 910. Bairro Zona Nova - Capão da Canoa \"',0,'','','Capão da Canoa ',NULL,NULL,NULL,NULL,NULL),(826,2476,'2018-05-06 00:00:00','Av Rudá 910 centro salão associc ',0,'','','Capão da canoa ',NULL,NULL,NULL,NULL,NULL),(827,2477,'2018-05-05 00:00:00','Gaspar Grizza 1069',0,'','','Capao da canoa ',NULL,NULL,NULL,NULL,NULL),(828,2478,'2018-05-07 00:00:00',' Tramandaí Bairro Nova Tramandaí. Ponto de referência: Imobiliária Castelinho\"',0,'','','Tramandaí',NULL,NULL,NULL,NULL,NULL),(829,2479,'2018-05-05 00:00:00','Jardim Beira Mar ',0,'','','Capão da Canoa ',NULL,NULL,NULL,NULL,NULL),(830,2480,'2018-05-19 00:00:00','794centro \"',0,'','','Osório ',NULL,NULL,NULL,NULL,NULL),(831,2481,'2018-05-27 00:00:00',' 99 -\"',0,'','','Capão da Canoa ',NULL,NULL,NULL,NULL,NULL),(832,2482,'2018-06-02 00:00:00',' 648\"',0,'','','Capão da canoa',NULL,NULL,NULL,NULL,NULL),(833,2483,'2018-06-02 00:00:00','Salão esporte clube solidão ',0,'','','Maquiné',NULL,NULL,NULL,NULL,NULL),(834,2484,'2018-07-08 00:00:00',' 140',0,'','','Tres cachoeiras ',NULL,NULL,NULL,NULL,NULL),(835,2485,'2018-05-27 00:00:00','Zineias enfrente a cs Turismo ',0,'','','Capão novo',NULL,NULL,NULL,NULL,NULL),(836,2486,'2018-06-02 00:00:00',' 659 - 4o. Andar\"',0,'','','Porto Alegre',NULL,NULL,NULL,NULL,NULL),(837,2487,'2018-05-26 00:00:00','Av. da Igreja - SAT',0,'','','Tramandaí ',NULL,NULL,NULL,NULL,NULL),(838,2488,'2018-05-27 00:00:00',' Capão da Canoa \"',0,'','','Capão da Canoa ',NULL,NULL,NULL,NULL,NULL),(839,2489,'2018-06-16 00:00:00','Rua Garibaldi 576 F',0,'','','Capão da canoa',NULL,NULL,NULL,NULL,NULL),(840,2490,'2018-06-20 00:00:00','capão novo.\"',0,'','','Capão da canoa ',NULL,NULL,NULL,NULL,NULL),(841,2491,'2018-07-01 00:00:00','Zona norte Panamá 262',0,'','','Capao da canoa',NULL,NULL,NULL,NULL,NULL),(842,2492,'2018-06-02 00:00:00','Capao da canoa Av Atlântica 197 Guarani ',0,'','','Capao da Canoa',NULL,NULL,NULL,NULL,NULL),(843,2493,'2018-06-15 00:00:00','Casa',0,'','','Capão da canoa . Capão novo',NULL,NULL,NULL,NULL,NULL),(844,2494,'2018-06-09 00:00:00','Rua Ubatuba de farias 742',0,'','','Capão da canoa',NULL,NULL,NULL,NULL,NULL),(845,2495,'2018-06-17 00:00:00','Salão  da igreja  em Morro alto ',0,'','','Morro Alto-Maquine ',NULL,NULL,NULL,NULL,NULL),(846,2496,'2018-06-16 00:00:00','Salão Guarani',0,'','','Capão da Canoa',NULL,NULL,NULL,NULL,NULL),(847,2497,'2018-06-24 00:00:00','Rua alexandrita 857 ',0,'','','Xangri-Lá',NULL,NULL,NULL,NULL,NULL),(848,2498,'2018-06-20 00:00:00','Rua sao Domingos  78 centro rs',0,'','','Arroio do Sal rs',NULL,NULL,NULL,NULL,NULL),(849,2499,'2018-08-26 00:00:00','\"Na Av Ubatuba de farias 742 Zona nova\"',0,'','','Capão  da Canoa ',NULL,NULL,NULL,NULL,NULL),(851,2501,'2018-07-08 00:00:00','\"Rua Santa Rosa 665 - Bairro Santo Antônio \"',0,'','','Capão da Canoa ',NULL,NULL,NULL,NULL,NULL),(852,2502,'2018-09-30 00:00:00','\"Av. Ubatuba de farias 742 Zona nova\"',0,'','','Taquari',NULL,NULL,NULL,NULL,NULL),(853,2503,'2018-07-06 00:00:00','\"Alameda da Serra 630 condominio interlagos\"',0,'','','Osorio',NULL,NULL,NULL,NULL,NULL),(854,2504,'2018-07-14 00:00:00','\"condomínio Dubai salão de festa infantil\"',0,'','','capão da canoa',NULL,NULL,NULL,NULL,NULL),(855,2505,'2018-07-14 00:00:00','\"condomínio Dubai salão de festa infantil\"',0,'','','capão da canoa',NULL,NULL,NULL,NULL,NULL),(856,2506,'2018-08-15 00:00:00','Rua equador 614',0,'','','Capão da canoa',NULL,NULL,NULL,NULL,NULL),(857,2507,'2018-07-23 00:00:00','Rua Venâncio Aires Número 450 Centro Ed. Condado D’Avila ',0,'','','Capão da Canoa',NULL,NULL,NULL,NULL,NULL),(858,2508,'2018-07-15 00:00:00','1114 zona nova capão da canoa\"',0,'','','Capão da canoa',NULL,NULL,NULL,NULL,NULL),(859,2509,'2018-07-19 00:00:00','Rua Peri 1395',0,'','','Capão da Canoa ',NULL,NULL,NULL,NULL,NULL),(860,2510,'2018-10-07 00:00:00',' atrás da madeireira Ajudo. \"',0,'','','Capão da Canoa',NULL,NULL,NULL,NULL,NULL),(861,2511,'2018-07-21 00:00:00',' km 5 n 2113\"',0,'','','Osorio',NULL,NULL,NULL,NULL,NULL),(862,2512,'2018-07-21 00:00:00','ouRemanso(condôminio Ventura Club\"',0,'','','Xangri-la ',NULL,NULL,NULL,NULL,NULL),(863,2513,'2018-08-18 00:00:00',' 150 - bairro São Jorge - Capão da Canoa (próximo ao xis do fofo)\"',0,'','','Capão da Canoa',NULL,NULL,NULL,NULL,NULL),(864,2514,'2018-08-19 00:00:00','Rio Comandai 412',0,'','','Xangri-lá',NULL,NULL,NULL,NULL,NULL),(866,2516,'2018-08-11 00:00:00','Clube da lagoa do condomínio Capao Ilhas resort',0,'','','Capao da Canoa',NULL,NULL,NULL,NULL,NULL),(867,2517,'2018-07-28 00:00:00','Rua Miraguaia 613 jardim beira mar',0,'','','Capão',NULL,NULL,NULL,NULL,NULL),(868,2518,'2018-08-18 00:00:00',' 293\"',0,'','','XANGRI-LA',NULL,NULL,NULL,NULL,NULL),(869,2519,'2018-08-04 00:00:00','\"Rua Diamantina 273 bairro: Marambaia Arroio do Sal\"',0,'','','Arroio do Sal',NULL,NULL,NULL,NULL,NULL),(870,2520,'2018-08-11 00:00:00','\"Rua Iraí 1932 - Imbé\"',0,'','','Imbé',NULL,NULL,NULL,NULL,NULL),(871,2521,'2018-08-05 00:00:00','Rua Rio das contas 89',0,'','','Xangrilá ',NULL,NULL,NULL,NULL,NULL),(872,2522,'2018-08-11 00:00:00','Capão da canoa\"',0,'','','Capão da canoa ',NULL,NULL,NULL,NULL,NULL),(873,2523,'2018-12-02 00:00:00',' km 6',0,'','','Osório',NULL,NULL,NULL,NULL,NULL),(874,2524,'2018-09-09 00:00:00','Rua Abílio Boaventura Pousada Natal figueirinha bem na beira da praia ',0,'','','Arroio do sal',NULL,NULL,NULL,NULL,NULL),(875,2525,'2018-08-18 00:00:00','Av paragrassa cond La Plage',0,'','','Xangri-lá ',NULL,NULL,NULL,NULL,NULL),(876,2526,'2018-08-11 00:00:00',' Apartamento 910\"\"Rua arroio do meio 1001 bairro zona nova \"',0,'','','Capão da Canoa',NULL,NULL,NULL,NULL,NULL),(877,2527,'2018-09-07 00:00:00','Av. Central 2000 G24 (Condado de Capão)',0,'','','Capão da Canoa',NULL,NULL,NULL,NULL,NULL),(878,2528,'2018-10-12 00:00:00','Salão de Igreja em Curumim ',0,'','','Porto Alegre',NULL,NULL,NULL,NULL,NULL),(879,2529,'2018-08-19 00:00:00','Sol nacente 645 arco íris ',0,'','','Capão da canoa ',NULL,NULL,NULL,NULL,NULL),(880,2530,'2018-09-16 00:00:00','Estrada Zé Coca n 80 São Sebastião  Três Forquilhas ',0,'','','Três Forquilhas ',NULL,NULL,NULL,NULL,NULL),(881,2531,'2018-09-09 00:00:00','Av das dálias 3616 capão novo',0,'','','Capão da canoa',NULL,NULL,NULL,NULL,NULL),(882,2532,'2018-08-26 00:00:00','Rua Nicarágua esquina avenida brasil',0,'','','capao da canoa rs',NULL,NULL,NULL,NULL,NULL),(883,2533,'2018-09-09 00:00:00',' 1399\"',0,'','','Imbé ',NULL,NULL,NULL,NULL,NULL),(884,2534,'2018-09-01 00:00:00','\"Rua da Brigada Militar 330\"',0,'','','Capão da Canoa',NULL,NULL,NULL,NULL,NULL),(885,2535,'2018-09-02 00:00:00','Bairro Jardim Beira mar..atrás do tootibool ',0,'','','Capão da canoa ',NULL,NULL,NULL,NULL,NULL),(886,2536,'2018-09-02 00:00:00','Rua sergipe num 119 ..atrás do totybool',0,'','','Capão da canoa ',NULL,NULL,NULL,NULL,NULL),(887,2537,'2018-09-01 00:00:00','Rua um - numero 207',0,'','','Capão da canoa',NULL,NULL,NULL,NULL,NULL),(888,2538,'2018-09-23 00:00:00','Av Ubatuba de Farias 742',0,'','','Capao da canoa ',NULL,NULL,NULL,NULL,NULL),(889,2539,'2018-09-16 00:00:00','Sede Papa Milhas',0,'','','Capão da Canoa',NULL,NULL,NULL,NULL,NULL),(890,2540,'2018-09-16 00:00:00','Av central 2000 J2 lote 7',0,'','','Capão da Canoa ',NULL,NULL,NULL,NULL,NULL),(891,2541,'2018-09-16 00:00:00','CTG João Sobrinho segunda rua (final da rua a esquerda Galpão do Mario Curtinove)',0,'','','Capão da Canoa',NULL,NULL,NULL,NULL,NULL),(892,2542,'2018-10-12 00:00:00','\"Rua: Pernambuco 1728\"',0,'','','Tramandai',NULL,NULL,NULL,NULL,NULL),(893,2543,'2018-11-03 00:00:00','Rua 26 de maio 1900 bairro figueirinha ',0,'','','Arroio do sal',NULL,NULL,NULL,NULL,NULL),(894,2544,'2018-11-03 00:00:00','26 de maio 1900 figueirinha ',0,'','','Arroio do sal ',NULL,NULL,NULL,NULL,NULL),(895,2545,'2018-10-11 00:00:00','Rua boca de leao 4151',0,'','','Capao Da Canoa',NULL,NULL,NULL,NULL,NULL),(896,2546,'2018-10-20 00:00:00','\"Flavio Boianowiski 930 - Zona Nova\"',0,'','','Capão da Canoa',NULL,NULL,NULL,NULL,NULL),(897,2547,'2018-10-12 00:00:00','6801',0,'','','Xangri-Lá',NULL,NULL,NULL,NULL,NULL),(898,2548,'2018-10-19 00:00:00',' 231 Quatro Lagos\"',0,'','','Arroio do Sal',NULL,NULL,NULL,NULL,NULL),(899,2549,'2018-11-04 00:00:00','Rua onorio germano 2242 (cond) condado de capão ',0,'','','Capao da canoa ',NULL,NULL,NULL,NULL,NULL),(900,2550,'2020-01-01 00:00:00','o mesmo',0,'','','Canoas',NULL,NULL,NULL,NULL,NULL),(901,2551,'1982-02-28 00:00:00','Rua Artur a da Silva ',0,'','','Capão da canoa ',NULL,NULL,NULL,NULL,NULL),(902,2552,'2018-01-04 00:00:00','Rua das Corticeiras 267',0,'','','Arroio do Sal ',NULL,NULL,NULL,NULL,NULL),(903,2553,'2018-01-19 00:00:00',' casa F9 - Atlantida\"',0,'','','Porto Alegre',NULL,NULL,NULL,NULL,NULL),(904,2554,'2018-10-03 00:00:00','\"Rua Universitária 1900 (ULBRA - GINASIO) \"',0,'','','Torres',NULL,NULL,NULL,NULL,NULL),(905,2555,'2018-10-10 00:00:00','\"Avenida Carlos Barbosa 1553 Quatro Lagos Arroio do Sal\"',0,'','','Arroio do Sal',NULL,NULL,NULL,NULL,NULL),(906,2556,'2018-10-11 00:00:00','Rua Manoel quadros sn',0,'','','Arroio teixeira',NULL,NULL,NULL,NULL,NULL),(907,2557,'2018-10-12 00:00:00','salão social clube ',0,'','','Capão da canoa ',NULL,NULL,NULL,NULL,NULL),(908,2558,'2018-10-13 00:00:00','Br 101 k 7 Campo Bonito',0,'','','Três Forquilhas',NULL,NULL,NULL,NULL,NULL),(909,2559,'2018-10-13 00:00:00','\"Avenida paraguassu  245\"',0,'','','XANGRI-LA',NULL,NULL,NULL,NULL,NULL),(910,2560,'2018-10-14 00:00:00','Rua Rio Jacui 1331 lote D2 Condomínio Enseada No Salão de Festas do Tênis ',0,'','','Xangri-Lá ',NULL,NULL,NULL,NULL,NULL),(911,2561,'2018-10-14 00:00:00','Rua rio comandai 212 centro xangrila ',0,'','','Xangrila',NULL,NULL,NULL,NULL,NULL),(913,2563,'2018-10-18 00:00:00','Rua Peri 2199 Capão da Canoa ',0,'','','Capão da Canoa ',NULL,NULL,NULL,NULL,NULL),(914,2564,'2018-10-20 00:00:00','\"Av Tramandaí 976 Imbé/RS\"',0,'','','Porto Alegre',NULL,NULL,NULL,NULL,NULL),(915,2565,'2018-10-20 00:00:00','\"Av Tramandaí 976 Imbé/RS\"',0,'','','Porto Alegre',NULL,NULL,NULL,NULL,NULL),(916,2566,'2018-10-20 00:00:00','\"Av Tramandaí 976 Imbé/RS\"',0,'','','Porto Alegre',NULL,NULL,NULL,NULL,NULL),(917,2567,'2018-10-20 00:00:00','Em frente ao supermercado ASum',0,'','','Imbe',NULL,NULL,NULL,NULL,NULL),(918,2568,'2018-10-28 00:00:00',' bairro Mundo Novo ',0,'','','Maquiné',NULL,NULL,NULL,NULL,NULL),(919,2569,'2018-10-28 00:00:00','Rua teresopolis 165',0,'','','Capao da canoa ',NULL,NULL,NULL,NULL,NULL),(920,2570,'2018-10-28 00:00:00','Rua: teresopolis 165 bairro: santa luzia ',0,'','','Capao da canoa ',NULL,NULL,NULL,NULL,NULL),(921,2571,'2018-11-02 00:00:00','O mesmo',0,'','','Paraiso (Torres)',NULL,NULL,NULL,NULL,NULL),(922,2572,'2018-11-03 00:00:00',' 876',0,'','','Capão da Canos',NULL,NULL,NULL,NULL,NULL),(923,2573,'2018-11-03 00:00:00','Condominio villa Borghese- capao novo- salão de festas',0,'','','Capao Novo',NULL,NULL,NULL,NULL,NULL),(924,2574,'2018-11-03 00:00:00','Avenida paraguassu 1374 casa 12',0,'','','Atlântida sul',NULL,NULL,NULL,NULL,NULL),(925,2575,'2018-11-16 00:00:00','Avenida beira mar n 113 Capão da canoa',0,'','','Porto Alegre',NULL,NULL,NULL,NULL,NULL),(926,2576,'2018-11-17 00:00:00','ROTA DO SOL RS 476 ESPAÇO FESTA',0,'','','TERRA DE AREIA',NULL,NULL,NULL,NULL,NULL),(927,2577,'2018-11-18 00:00:00',' 448\"',0,'','','Osorio',NULL,NULL,NULL,NULL,NULL),(928,2578,'2018-11-18 00:00:00','Pedra branca',0,'','','Caraá',NULL,NULL,NULL,NULL,NULL),(929,2579,'2018-11-18 00:00:00','Entra no posto de gasolina segue até o final da rua dobra a direita na próxima esquina fica à casa n.370 Atlântida ',0,'','','Xangri-La ',NULL,NULL,NULL,NULL,NULL),(930,2580,'2018-11-18 00:00:00','\"Ponciano de Vargas 834 - centro\"',0,'','','Arroio do sal',NULL,NULL,NULL,NULL,NULL),(931,2581,'2018-11-21 00:00:00','vai pela general osorio ate o mercado maravilha prima esquerda rua do lancheria do Régis.',0,'','','capao da canoa',NULL,NULL,NULL,NULL,NULL),(932,2582,'2018-11-24 00:00:00','Rua da brigada 1024 zona nova capao da canoa ',0,'','','Capao da Canoa ',NULL,NULL,NULL,NULL,NULL),(933,2583,'2018-11-24 00:00:00',' número 710 Bairro: Jardim beira mar.\"',0,'','','Capão da canoa',NULL,NULL,NULL,NULL,NULL),(934,2584,'2018-11-24 00:00:00','Ubatuba deFarias 742',0,'','','Capãoda canoa',NULL,NULL,NULL,NULL,NULL),(935,2585,'2018-11-25 00:00:00','Av Paraguassu 2281Centro Xangri-lá RS ',0,'','','Xangri-lá',NULL,NULL,NULL,NULL,NULL),(936,2586,'2018-12-01 00:00:00',' ao lado da loja da Vivo\"',0,'','','Capão da canoa',NULL,NULL,NULL,NULL,NULL),(937,2587,'2018-12-01 00:00:00','Estrada do mar no campo do caponense em capão novo antes da rótula de capão novo a esquerda ',0,'','','Capão da canoa ',NULL,NULL,NULL,NULL,NULL),(938,2588,'2018-12-02 00:00:00','Rua das cravineas 3422 capão novo',0,'','','Capão da Canoa',NULL,NULL,NULL,NULL,NULL),(939,2589,'2018-12-02 00:00:00','Av Poty 613',0,'','','Capão da canoa ',NULL,NULL,NULL,NULL,NULL),(940,2590,'2018-12-06 00:00:00','250 Arco-Iris Capão da Canoa \"',0,'','','Capão da Canoa',NULL,NULL,NULL,NULL,NULL),(941,2591,'2018-12-08 00:00:00','Rua Guarujá 833 salão paroquial',0,'','','Atlântida sul',NULL,NULL,NULL,NULL,NULL),(942,2592,'2018-12-08 00:00:00','Militão de almeida 1534',0,'','','Tramandai',NULL,NULL,NULL,NULL,NULL),(943,2593,'2018-12-08 00:00:00','\"Rua Gênova 384 - nova Tramandaí\"',0,'','','Tramandaí',NULL,NULL,NULL,NULL,NULL),(944,2594,'2018-12-09 00:00:00','Rua atras da escola capao novo casa laranja atras do rancho do xucrus',0,'','','capao novo',NULL,NULL,NULL,NULL,NULL),(945,2595,'2018-12-09 00:00:00','Atras da escola capao novo casa laranja atras do rancho do xucrus!',0,'','','capao novo',NULL,NULL,NULL,NULL,NULL),(946,2596,'2018-12-09 00:00:00','Pesque Paque de Arroio Teixeira ',0,'','','Capão da Canoa',NULL,NULL,NULL,NULL,NULL),(947,2597,'2018-12-09 00:00:00','Rua sto Amaro 396. Bairo sta Luzia ..capao da canoa ',0,'','','Capao da canoa ',NULL,NULL,NULL,NULL,NULL),(948,2598,'2018-12-11 00:00:00',' Barra do João Pedro\"',0,'','','Xangrila',NULL,NULL,NULL,NULL,NULL),(949,2599,'2018-12-13 00:00:00','2129',0,'','','Xangri-Lá',NULL,NULL,NULL,NULL,NULL),(950,2600,'2018-12-15 00:00:00','Rua nova bassano 1342',0,'','','Capão da Canoa',NULL,NULL,NULL,NULL,NULL),(951,2601,'2018-12-15 00:00:00','c62\"',0,'','','Xangri-La ',NULL,NULL,NULL,NULL,NULL),(952,2602,'2018-12-15 00:00:00','Casa',0,'','','Capão da Canoa',NULL,NULL,NULL,NULL,NULL),(953,2603,'2018-12-16 00:00:00','Rua Osório 323 Arroio Teixeira',0,'','','Capão da Canoa',NULL,NULL,NULL,NULL,NULL),(954,2604,'2018-12-16 00:00:00','\"Av Orestes Clemente Serra 952 Capão da Canoa Esquina com a rua da Brigada\"',0,'','','Capão da Canoa/RS',NULL,NULL,NULL,NULL,NULL),(955,2605,'2018-12-18 00:00:00',' 339',0,'','','Capão da Canoa',NULL,NULL,NULL,NULL,NULL),(956,2606,'2018-12-19 00:00:00','Centro',0,'','','Xangri-la',NULL,NULL,NULL,NULL,NULL),(957,2607,'2018-12-21 00:00:00','\"Av central  nº 2000\"',0,'','','Capão da Canoa ',NULL,NULL,NULL,NULL,NULL),(958,2608,'2018-12-22 00:00:00','Hotel Vitória Atrás do prédio do tabelionato\"',0,'','','Capao da canoa',NULL,NULL,NULL,NULL,NULL),(959,2609,'2018-12-22 00:00:00','Av. Interpraias s/n. (Praça depois mercado JB praia azul  arroio do sal. ',0,'','','Arroio do Sal - RS',NULL,NULL,NULL,NULL,NULL),(960,2610,'2018-12-22 00:00:00','\"Rua honorio germeno 341\"',0,'','','Capao da canoa',NULL,NULL,NULL,NULL,NULL),(961,2611,'2018-12-29 00:00:00',' 175 apto 301\"',0,'','','Porto Alegre',NULL,NULL,NULL,NULL,NULL),(962,2612,'2018-12-29 00:00:00','Ainda não possuo o endereço',0,'','','Canoas ',NULL,NULL,NULL,NULL,NULL),(963,2613,'2018-12-29 00:00:00',' 528 - Mariluz - RS\"',0,'','','Canoas',NULL,NULL,NULL,NULL,NULL),(964,2614,'2018-12-30 00:00:00','\"Av Esmeralda 718\"',0,'','','Rainha do Mar',NULL,NULL,NULL,NULL,NULL),(965,2615,'2018-12-30 00:00:00','\"Av paraguassu 22 Cond Playa Vista Salão de Festas pequeno\"',0,'','','Xangrila',NULL,NULL,NULL,NULL,NULL),(966,2616,'2018-12-31 00:00:00','CTG João sobrinho ',0,'','','Capão da Canoa',NULL,NULL,NULL,NULL,NULL),(967,2617,'2019-01-01 00:00:00','Rua dos girassóis número 18',0,'','','Praia Bom Jesus',NULL,NULL,NULL,NULL,NULL),(968,2618,'2019-01-03 00:00:00','\"Rua das Dálias3736/capão Novo\"',0,'','','Capão Novo',NULL,NULL,NULL,NULL,NULL),(969,2619,'2019-01-05 00:00:00','\"Rua das Estremosas 439 Noiva do Mar\"',0,'','','Porto Alegre',NULL,NULL,NULL,NULL,NULL),(970,2620,'2019-01-05 00:00:00',' 1769 Imbé- centro\"',0,'','','Porto Alegre',NULL,NULL,NULL,NULL,NULL),(971,2621,'2019-01-05 00:00:00','\"Av Paraguassu',0,'','','Capão da Canoa ',NULL,NULL,NULL,NULL,NULL),(972,2622,'2019-01-05 00:00:00',' rainha do mar - xangrila\"',0,'','','Rainha do Mar',NULL,NULL,NULL,NULL,NULL),(973,2623,'2019-01-05 00:00:00',' 109\"',0,'','','Praia do Remanso- Xangri-Lá',NULL,NULL,NULL,NULL,NULL),(974,2624,'2019-01-06 00:00:00','Avenida guatambu 1001',0,'','','Xangri-la',NULL,NULL,NULL,NULL,NULL),(975,2625,'2019-01-06 00:00:00','Rua do Farol 844 - Atlantida Sul ',0,'','','Atlantida Sul ',NULL,NULL,NULL,NULL,NULL),(976,2626,'2019-01-09 00:00:00',' casa A5\"Condomínio Quintas do Lago Casa A5',0,'','','Xangri-La ',NULL,NULL,NULL,NULL,NULL),(977,2627,'2019-01-10 00:00:00',' 841',0,'','','Capão da Canoa',NULL,NULL,NULL,NULL,NULL),(978,2628,'2019-01-12 00:00:00',' 710 ap 205\"',0,'','','Porto Alegre',NULL,NULL,NULL,NULL,NULL),(979,2629,'2019-01-12 00:00:00','Av. Sul número 12',0,'','','Noiva do mar',NULL,NULL,NULL,NULL,NULL),(980,2630,'2019-01-12 00:00:00','Av.central 1500 xangrila',0,'','','Porto alegre ',NULL,NULL,NULL,NULL,NULL),(981,2631,'2019-01-13 00:00:00','Rua cisne branco 320',0,'','','Xangri-la',NULL,NULL,NULL,NULL,NULL),(982,2632,'2019-01-13 00:00:00','Av Ubatuba de Farias 742',0,'','','Capão',NULL,NULL,NULL,NULL,NULL),(983,2633,'2019-01-13 00:00:00',' 631',0,'','','Porto Alegre',NULL,NULL,NULL,NULL,NULL),(984,2634,'2019-01-19 00:00:00','Rua emboa 834',0,'','','Xangri-Lá ',NULL,NULL,NULL,NULL,NULL),(985,2635,'2019-01-19 00:00:00','\"Rua Rio Negro 1123 - Xangri-la RS\"',0,'','','Xangri-la ',NULL,NULL,NULL,NULL,NULL),(986,2636,'2019-01-19 00:00:00',' condomínio Condado de Capão lote G 10.\"',0,'','','Porto Alegre',NULL,NULL,NULL,NULL,NULL),(987,2637,'2019-01-19 00:00:00','Dobra na madereira menguer sentido mar 3 quadra a direita casa verde',0,'','','Capao da canoa',NULL,NULL,NULL,NULL,NULL),(988,2638,'2019-01-19 00:00:00','\"Rua Monte Castelo 205\"',0,'','','Praia de Curumim ',NULL,NULL,NULL,NULL,NULL),(989,2639,'2019-01-20 00:00:00','Sede campestre da SACC Capão da Canoa',0,'','','Capão da Canoa',NULL,NULL,NULL,NULL,NULL),(990,2640,'2019-01-20 00:00:00',' 2929 - Apto 404\"',0,'','','Capão da Canoa',NULL,NULL,NULL,NULL,NULL),(991,2641,'2019-01-20 00:00:00','\"Rua Inácio Alves da Silva 811\"',0,'','','Capão da canoa',NULL,NULL,NULL,NULL,NULL),(992,2642,'2019-01-25 00:00:00','\"Curumim\"',0,'','','Cachoeirinha',NULL,NULL,NULL,NULL,NULL),(993,2643,'2019-01-26 00:00:00',' 1173',0,'','','Xangri-Lá ',NULL,NULL,NULL,NULL,NULL),(994,2644,'2019-01-26 00:00:00','Rua Inambuí 597',0,'','','Porto Alegre',NULL,NULL,NULL,NULL,NULL),(995,2645,'2019-01-26 00:00:00','Rua Rio Comandai 1837',0,'','','Xangri-Lá ',NULL,NULL,NULL,NULL,NULL),(996,2646,'2019-01-26 00:00:00',' 31',0,'','','Curumim ',NULL,NULL,NULL,NULL,NULL),(997,2647,'2019-01-27 00:00:00','\"Avenida Santa Rosa 1329 centro Imbé \"',0,'','','Imbé',NULL,NULL,NULL,NULL,NULL),(998,2648,'2019-01-27 00:00:00','Rio novo 2056',0,'','','Xangri la',NULL,NULL,NULL,NULL,NULL),(999,2649,'2019-01-27 00:00:00','Av paraguassu 2696 - imbe ',0,'','','Imbe ',NULL,NULL,NULL,NULL,NULL),(1000,2650,'2019-02-02 00:00:00',' 2696 imbé. Condominio golden river\"',0,'','','Parobé ',NULL,NULL,NULL,NULL,NULL),(1001,2651,'2019-02-02 00:00:00',' 176\"',0,'','','Porto Alegre ',NULL,NULL,NULL,NULL,NULL),(1002,2652,'2019-02-02 00:00:00','Salao de Festas do Condomínio Atlântico Villas Club - Atlântida Sul ',0,'','','Atlântida Sul ',NULL,NULL,NULL,NULL,NULL),(1003,2653,'2019-02-02 00:00:00','\"Rua Alegrete 1204\"',0,'','','Imbe',NULL,NULL,NULL,NULL,NULL),(1004,2654,'2019-02-02 00:00:00',' casa H21\"',0,'','','Xangrila',NULL,NULL,NULL,NULL,NULL),(1005,2655,'2019-02-03 00:00:00','Minha casa fundos do clube milionários. ',0,'','','Osório ',NULL,NULL,NULL,NULL,NULL),(1006,2656,'2019-02-03 00:00:00','Rio Uruguai 59 Xangrila',0,'','','Porto alegre',NULL,NULL,NULL,NULL,NULL),(1007,2657,'2019-02-06 00:00:00',' 90.\"',0,'','','Porto Alegre',NULL,NULL,NULL,NULL,NULL),(1008,2658,'2019-02-09 00:00:00','Salão da Anai artes eva',0,'','','Capao da canoa',NULL,NULL,NULL,NULL,NULL),(1009,2659,'2019-02-09 00:00:00','Perto da Imobiliaria Suakasa',0,'','','Atlântida ',NULL,NULL,NULL,NULL,NULL),(1010,2660,'2019-02-09 00:00:00','\"Av. Praia do Barco 78. Praia do Barco\"',0,'','','Porto Alegre',NULL,NULL,NULL,NULL,NULL),(1011,2661,'2019-02-16 00:00:00','Condomínio Quintas do Lago - Salão de Festas ',0,'','','Xangrila',NULL,NULL,NULL,NULL,NULL),(1012,2662,'2019-02-16 00:00:00',' RS\"',0,'','','PORTO ALEGRE',NULL,NULL,NULL,NULL,NULL),(1013,2663,'2019-02-16 00:00:00','Sepe 2222 Ed.Rio Volga ap.704 salão de festa do prédio. Capão da Canoa Centro.',0,'','','Capao da Canoa',NULL,NULL,NULL,NULL,NULL),(1014,2664,'2019-02-17 00:00:00','\"Condomínio Condado de Capão Q2 Lote 4 \"',0,'','','Capão da Canoa ',NULL,NULL,NULL,NULL,NULL),(1015,2665,'2019-02-17 00:00:00','Rancho dos Xucros  em frente ao posto de saúde ',0,'','','Capao Novo ',NULL,NULL,NULL,NULL,NULL),(1016,2666,'2019-02-17 00:00:00','Rua imbuia 200',0,'','','Arroio Texeira',NULL,NULL,NULL,NULL,NULL),(1017,2667,'2019-02-23 00:00:00','Avenida Paraguassú 288. Balneário Marina-maristela.',0,'','','Xangri-la ',NULL,NULL,NULL,NULL,NULL),(1018,2668,'2019-02-23 00:00:00','Estrada do mar',0,'','','Xangrila ',NULL,NULL,NULL,NULL,NULL),(1019,2669,'2019-02-23 00:00:00','Rua Dom Luis Guanella. Salão de festas da escola Divina providência.',0,'','','Capão da canoa',NULL,NULL,NULL,NULL,NULL),(1020,2670,'2019-02-24 00:00:00','\"Rua Santa Rosa n°1238. Bairro Santa luzia\"',0,'','','Capão da Canoa ',NULL,NULL,NULL,NULL,NULL),(1021,2671,'2019-03-02 00:00:00','Avenida Paraguassú 3660 Atlântida Xangri-Lá RS',0,'','','POA',NULL,NULL,NULL,NULL,NULL),(1022,2672,'2019-03-02 00:00:00','RUA ITAIBE 216',0,'','','PORTO ALEGRE RS',NULL,NULL,NULL,NULL,NULL),(1023,2673,'2019-03-03 00:00:00','Rua das Margaridas 3665 - Apto 408 - Salão de Festas',0,'','','Capão Novo - RS',NULL,NULL,NULL,NULL,NULL),(1024,2674,'2019-03-03 00:00:00',' praia de Rainha do Mar\"',0,'','','Canoas',NULL,NULL,NULL,NULL,NULL),(1025,2675,'2019-03-03 00:00:00',' 473 - Atlântida \"',0,'','','Porto Alegre',NULL,NULL,NULL,NULL,NULL),(1026,2676,'2019-03-03 00:00:00','Mesmo ',0,'','','MAQUINE ',NULL,NULL,NULL,NULL,NULL),(1027,2677,'2019-03-03 00:00:00','Condomínio Porto coronado',0,'','','Porto alegre',NULL,NULL,NULL,NULL,NULL),(1028,2678,'2019-03-04 00:00:00','RUA das Margaridas 1841 Posto 9 Village - Capão Novo. Próximo condomínio Costa Serena.',0,'','','São Leopoldo',NULL,NULL,NULL,NULL,NULL),(1029,2679,'2019-03-04 00:00:00','\"Av. Paraguassu 2696 ao lado do salão de festas do condomínio\"',0,'','','Imbé',NULL,NULL,NULL,NULL,NULL),(1030,2680,'2019-03-05 00:00:00','   casa C1\"',0,'','','Novo Hamburgo',NULL,NULL,NULL,NULL,NULL),(1031,2681,'2019-03-16 00:00:00','\"Travessa da Laguna 1063 (Recanto Mariano) Bairro Arroio Teixeira  - Capão da Canao\"',0,'','','Capão da Canoa',NULL,NULL,NULL,NULL,NULL),(1032,2682,'2019-03-16 00:00:00','Est Júlio Bruneli 1650 bairro passinhos Osório Condomínio Casa da Lagoa',0,'','','Osório ',NULL,NULL,NULL,NULL,NULL),(1033,2683,'2019-03-17 00:00:00','Não foi decidido',0,'','','Capão da canoa',NULL,NULL,NULL,NULL,NULL),(1034,2684,'2019-03-17 00:00:00','Rua 6 esq com 10 num 515 guarani capao da canoa ',0,'','','Capao da canoa',NULL,NULL,NULL,NULL,NULL),(1035,2685,'2019-03-17 00:00:00','\"Manoel Nazário 750 bairro Guara\"',0,'','','Xangri la',NULL,NULL,NULL,NULL,NULL),(1036,2686,'2019-03-31 00:00:00','Condomínio Pontal açoriano linha Pontal 2500 zonab rural Palmital RS LT D 21 Guilherme Guasselli',0,'','','Maquine',NULL,NULL,NULL,NULL,NULL),(1037,2687,'2019-04-28 00:00:00','\"Salão da capela são Francisco Av . Emancipação \"',0,'','','Tramandai ',NULL,NULL,NULL,NULL,NULL),(1038,2688,'2019-05-19 00:00:00','Rua Ubatuba de Farias',0,'','','Capão da canoa RS',NULL,NULL,NULL,NULL,NULL),(1039,2689,'2019-03-24 00:00:00','avenida beira mar 450 praia jardim beira mar ',0,'','','capao da canoa ',NULL,NULL,NULL,NULL,NULL),(1040,2690,'2019-06-08 00:00:00','R adalberto tartler 369',0,'','','Capão da canoa',NULL,NULL,NULL,NULL,NULL),(1041,2691,'2019-03-17 00:00:00','Peru 667 zona norte',0,'','','Capao da canoa',NULL,NULL,NULL,NULL,NULL),(1042,2692,'2019-04-06 00:00:00','Orion 661 arroio Teixeira',0,'','','Capão da canoa',NULL,NULL,NULL,NULL,NULL),(1043,2693,'2019-04-01 00:00:00',' 3280',0,'','','Capão da canoa',NULL,NULL,NULL,NULL,NULL),(1044,2694,'2019-03-24 00:00:00','\"Rod. Estrada do Mar 37 - Capão da Canoa/RS\"',0,'','','Capão da Canoa',NULL,NULL,NULL,NULL,NULL),(1045,2695,'2019-03-23 00:00:00','Rua : divisória 1479 Novo Horizonte',0,'','','Capão da canoa',NULL,NULL,NULL,NULL,NULL),(1046,2696,'2019-03-31 00:00:00','Estrada do mar 4000 Capão Novo',0,'','','Capão da canoa',NULL,NULL,NULL,NULL,NULL),(1047,2697,'2019-03-31 00:00:00','Rua osmani veras bairro Olaria',0,'','','Terra de Areia',NULL,NULL,NULL,NULL,NULL),(1048,2698,'2019-04-06 00:00:00','Rua treze de abril ',0,'','','Terra de Areia ',NULL,NULL,NULL,NULL,NULL),(1049,2699,'2019-03-31 00:00:00','\"Rio Das contas 170 centro \"',0,'','','Xangrila ',NULL,NULL,NULL,NULL,NULL),(1050,2700,'2019-04-13 00:00:00',' planeta atlantida) \"',0,'','','Xangrila ',NULL,NULL,NULL,NULL,NULL),(1051,2701,'2019-05-05 00:00:00','\"Avenida Paraguassu 551\"',0,'','','Xangri-lá',NULL,NULL,NULL,NULL,NULL),(1052,2702,'2019-04-15 00:00:00','Escola ursinho pimpão',0,'','','Capao da canoa',NULL,NULL,NULL,NULL,NULL),(1053,2703,'2019-04-13 00:00:00','Rua Nicarágua 16',0,'','','CAPAO DA CANOA',NULL,NULL,NULL,NULL,NULL),(1054,2704,'2019-04-14 00:00:00','Rua Jardelino Ribeiro n59 bairro Guará',0,'','','Xangrilá',NULL,NULL,NULL,NULL,NULL),(1055,2705,'2019-04-13 00:00:00','Olmiro Lima 295 Guará',0,'','','Xangrilá',NULL,NULL,NULL,NULL,NULL),(1056,2706,'2019-04-17 00:00:00','Rua Ceci 2565 Centro Capão da Canoa',0,'','','Capão da Canoa',NULL,NULL,NULL,NULL,NULL),(1057,2707,'2019-04-28 00:00:00','Rua Osvaldo Barbosa 256 arpoador',0,'','','Xangri lá ',NULL,NULL,NULL,NULL,NULL),(1058,2708,'2019-04-30 00:00:00',' 780 bairro Santa Luzia\"',0,'','','Capão da canoa',NULL,NULL,NULL,NULL,NULL),(1059,2709,'2019-05-26 00:00:00','\"Rod. RS 030 KM 095 s/n-Tramandaí\"',0,'','','Tramandaí',NULL,NULL,NULL,NULL,NULL),(1060,2710,'2019-07-19 00:00:18','Avenida Paraguassu ',0,'','','Capão da Canoa ','',0,0,NULL,''),(1061,2711,'2019-05-11 00:00:00','Salão anai ',0,'','','Capão da canoa ',NULL,NULL,NULL,NULL,NULL),(1062,2712,'2019-05-19 00:00:00','Rua Delfin da Silva número 24 guara',0,'','','Xangri-lá',NULL,NULL,NULL,NULL,NULL),(1063,2713,'2019-05-11 00:00:00','\"Avenida central 180 em Noiva do Mar\"',0,'','','Xangri-La',NULL,NULL,NULL,NULL,NULL),(1064,2714,'2019-05-18 00:00:00',' 819 casa \"',0,'','','Atlântica ',NULL,NULL,NULL,NULL,NULL),(1065,2715,'2019-06-02 00:00:00','Rua do amor perfeito 4031',0,'','','Capao da canoa',NULL,NULL,NULL,NULL,NULL),(1066,2716,'2019-05-19 00:00:00','\"Rua onorio germano 2009\"',0,'','','Capão da canoa ',NULL,NULL,NULL,NULL,NULL),(1067,2717,'2019-05-17 00:00:00',' 1395\"',0,'','','capão da canoa',NULL,NULL,NULL,NULL,NULL),(1068,2718,'2019-05-18 00:00:00','Av parque 3 n 1859',0,'','','Capão da canoa',NULL,NULL,NULL,NULL,NULL),(1069,2719,'2019-06-23 00:00:00','Augusto manorl da silva',0,'','','Xangri la',NULL,NULL,NULL,NULL,NULL),(1070,2720,'2019-05-26 00:00:00','Rua tulipa 618 capao novo',0,'','','Capao',NULL,NULL,NULL,NULL,NULL),(1071,2721,'2019-06-02 00:00:00','Rua Aguia Real 268 casa figueirinha',0,'','','Xangri-la',NULL,NULL,NULL,NULL,NULL),(1072,2722,'2019-05-26 00:00:00','Rua equador 457 zona norte',0,'','','Capão da canoa ',NULL,NULL,NULL,NULL,NULL),(1073,2723,'2019-05-26 00:00:00','\"RS 407 Casa\"',0,'','','Morro alto maquine',NULL,NULL,NULL,NULL,NULL),(1074,2724,'2019-06-09 00:00:00','Rua Boca de Leão n 661 Village Capão Novo ',0,'','','Capão da Canoa ',NULL,NULL,NULL,NULL,NULL),(1075,2725,'2019-06-09 00:00:00','Rua da Brigada Militar 1736 Zona Nova',0,'','',' Capão da Canoa',NULL,NULL,NULL,NULL,NULL),(1076,2726,'2019-07-14 00:00:00','Maurício S.Souza 285 ',0,'','','Capão da canoa',NULL,NULL,NULL,NULL,NULL),(1077,2727,'2019-06-26 00:00:00','Rua Peri 1395',0,'','','Capão da Canoa',NULL,NULL,NULL,NULL,NULL),(1078,2728,'2019-06-02 00:00:00','CTG João sobrinho',0,'','','Capão novo',NULL,NULL,NULL,NULL,NULL),(1079,2729,'2019-06-02 00:00:00','Ctg',0,'','','Capão da canoa',NULL,NULL,NULL,NULL,NULL),(1080,2730,'2019-06-01 00:00:00','Rua 24 de setembro 751 ',0,'','','Tramandaí',NULL,NULL,NULL,NULL,NULL),(1081,2731,'2019-06-22 00:00:00','Rua Santa Elizabet N: 2360',0,'','','Capão da canoa',NULL,NULL,NULL,NULL,NULL),(1082,2732,'2019-10-05 00:00:00','Rua São Cristóvão 15 bairro Santa luzia',0,'','','Capão da canoa',NULL,NULL,NULL,NULL,NULL),(1083,2737,'2019-10-05 00:00:00','Rua Ibirapuitã 2026',0,'','','Xangrila',NULL,NULL,NULL,NULL,NULL),(1084,2738,'2019-06-16 00:00:00','2892 capão novo\"',0,'','','Capão da canoa',NULL,NULL,NULL,NULL,NULL),(1085,2739,'2019-08-31 00:00:00',' centro\"',0,'','','TRES FORQUILHAS',NULL,NULL,NULL,NULL,NULL),(1086,2740,'2019-06-22 00:00:00',' 551',0,'','','Xangri-lá',NULL,NULL,NULL,NULL,NULL),(1087,2741,'2019-06-22 00:00:00','\"Rua um 207 Praia guarani\"',0,'','','Capao da canoa',NULL,NULL,NULL,NULL,NULL),(1088,2742,'2019-06-23 00:00:00','Rua Uruguai N 407 zona norte',0,'','','Capão da canoa ',NULL,NULL,NULL,NULL,NULL),(1089,2743,'2019-06-29 00:00:00','Salão paroquial perpétuo socorro ',0,'','','Terra areia',NULL,NULL,NULL,NULL,NULL),(1090,NULL,'2019-08-02 23:23:31','safd',23,'sfs','sf','sf','2342',0,19,NULL,NULL),(1091,NULL,'2019-08-02 23:23:43','safd',23,'sfs','sf','sf','2342',0,19,NULL,NULL),(1092,NULL,'2019-08-02 23:23:51','safd',23,'sfs','sf','sf','2342',0,19,NULL,NULL),(1093,2752,'2019-09-15 12:00:44','Rua das Cornélias',586,'esq. av. Brasil',NULL,'0','0',0,0,NULL,'Capão da Canoa'),(1094,2753,'2019-11-30 13:30:40','Rua das Cornélias',586,'esq. av. Brasil','chega cedo','Capão da Canoa','300',30,30,NULL,'undefined'),(1095,2754,'2019-09-30 12:00:38','Rua das Cornélias',586,'esq. av. Brasil',NULL,'0','0',0,0,NULL,'Capão da Canoa'),(1096,2755,'2019-09-30 12:00:32','Rua das Cornélias',586,'esq. av. Brasil',NULL,'0','0',0,0,NULL,'Capão da Canoa'),(1097,2756,'2019-09-30 12:00:56','Rua das Cornélias',586,'esq. av. Brasil',NULL,'0','0',0,0,NULL,'Capão da Canoa'),(1098,2757,'2019-09-23 05:15:51','Rua das Cornélias',586,'esq. av. Brasil',NULL,'0','0',0,0,NULL,'Capão da Canoa'),(1099,2758,'2019-09-30 12:00:13','Rua das Cornélias',586,'esq. av. Brasil',NULL,'0','0',0,0,NULL,'Capão da Canoa'),(1101,2761,'2019-09-22 12:00:18','Rua das Cornélias',586,'esq. av. Brasil',NULL,'0','0',0,0,NULL,'Capão da Canoa'),(1102,2762,'2019-09-23 12:00:34','Rua das Cornélias',233,'esq. av. Brasil',NULL,'0','0',0,0,NULL,'Capão da Canoa'),(1103,2763,'2019-09-29 12:00:20','Rua das Cornélias',58,'esq. av. Brasil',NULL,'0','0',0,0,NULL,'Capão da Canoa'),(1104,2764,'2019-09-29 12:00:50','Rua das Cornélias',56,'esq. av. Brasil',NULL,'0','0',0,0,NULL,'Capão da Canoa'),(1105,2765,'2019-09-23 06:16:45','Rua Equador',369,'Esq. Av Brasil',NULL,'0','0',0,0,NULL,'Capão da Canoa'),(1106,2766,'2019-09-13 15:54:00','Olívia K Gerhardt, 465, Casa',465,'Casa',NULL,'0','0',0,0,NULL,'Campo Bom'),(1144,NULL,'2019-08-16 08:51:56','cliente preencherá',0,' ',' ',' ','0',0,0,NULL,' '),(1145,NULL,'2019-08-16 08:54:12','cliente preencherá',0,' ',' ',' ','0',0,0,NULL,' '),(1146,NULL,'2019-08-16 08:56:42','cliente preencherá',0,' ',' ',' ','0',0,0,NULL,' '),(1147,NULL,'2019-08-16 08:58:48','cliente preencherá',0,' ',' ',' ','0',0,0,NULL,' '),(1148,NULL,'2019-08-16 09:05:03','cliente preencherá',0,' ',' ',' ','0',0,0,NULL,' '),(1149,NULL,'2019-08-16 09:12:19','cliente preencherá',0,' ',' ',' ','0',0,0,NULL,' '),(1150,NULL,'2019-08-16 09:16:23','cliente preencherá',0,' ',' ',' ','0',0,0,NULL,' '),(1151,NULL,'2019-08-16 09:18:29','cliente preencherá',0,' ',' ',' ','0',0,0,NULL,' '),(1152,NULL,'2019-08-16 09:21:18','cliente preencherá',0,' ',' ',' ','0',0,0,NULL,' '),(1153,NULL,'2019-08-16 09:22:36','cliente preencherá',0,' ',' ',' ','0',0,0,NULL,' '),(1154,NULL,'2019-08-16 09:23:55','cliente preencherá',0,' ',' ',' ','0',0,0,NULL,' '),(1155,NULL,'2019-08-16 09:29:47','cliente preencherá',0,' ',' ',' ','0',0,0,NULL,' '),(1156,NULL,'2019-08-16 09:30:55','cliente preencherá',0,' ',' ',' ','0',0,0,NULL,' '),(1157,NULL,'2019-08-16 09:32:25','cliente preencherá',0,' ',' ',' ','0',0,0,NULL,' '),(1158,NULL,'2019-08-16 09:34:02','cliente preencherá',0,' ',' ',' ','0',0,0,NULL,' '),(1159,2767,'2019-09-24 15:30:19','Rua Santa rosa',865,'Casa',NULL,'0','0',0,0,NULL,'Capão da Canoa'),(1160,NULL,'2019-08-19 21:04:30','cliente preencherá',0,' ',' ',' ','0',0,0,NULL,' '),(1161,NULL,'2019-08-19 21:09:13','cliente preencherá',0,' ',' ',' ','0',0,0,NULL,' '),(1162,NULL,'2019-08-19 21:11:38','cliente preencherá',0,' ',' ',' ','0',0,0,NULL,' '),(1163,NULL,'2019-08-19 21:15:56','cliente preencherá',0,' ',' ',' ','0',0,0,NULL,' '),(1164,NULL,'2019-08-19 21:17:22','cliente preencherá',0,' ',' ',' ','0',0,0,NULL,' '),(1165,NULL,'2019-08-19 21:19:02','cliente preencherá',0,' ',' ',' ','0',0,0,NULL,' '),(1166,NULL,'2019-08-19 21:20:11','cliente preencherá',0,' ',' ',' ','0',0,0,NULL,' '),(1167,NULL,'2019-08-19 21:20:12','cliente preencherá',0,' ',' ',' ','0',0,0,NULL,' '),(1168,NULL,'2019-08-19 21:21:01','cliente preencherá',0,' ',' ',' ','0',0,0,NULL,' '),(1169,NULL,'2019-08-19 21:22:10','cliente preencherá',0,' ',' ',' ','0',0,0,NULL,' '),(1170,NULL,'2019-08-19 21:28:37','cliente preencherá',0,' ',' ',' ','0',0,0,NULL,' '),(1171,NULL,'2019-08-19 21:29:51','cliente preencherá',0,' ',' ',' ','0',0,0,NULL,' '),(1172,NULL,'2019-08-19 21:31:18','cliente preencherá',0,' ',' ',' ','0',0,0,NULL,' '),(1173,NULL,'2019-08-19 21:32:22','cliente preencherá',0,' ',' ',' ','0',0,0,NULL,' '),(1174,NULL,'2019-08-19 21:33:22','cliente preencherá',0,' ',' ',' ','0',0,0,NULL,' '),(1175,NULL,'2019-08-19 21:37:02','cliente preencherá',0,' ',' ',' ','0',0,0,NULL,' '),(1176,NULL,'2019-08-19 21:38:01','cliente preencherá',0,' ',' ',' ','0',0,0,NULL,' '),(1177,NULL,'2019-08-19 21:46:13','cliente preencherá',0,' ',' ',' ','0',0,0,NULL,' '),(1178,NULL,'2019-08-19 21:51:29','cliente preencherá',0,' ',' ',' ','0',0,0,NULL,' '),(1179,NULL,'2019-08-19 21:57:52','cliente preencherá',0,' ',' ',' ','0',0,0,NULL,' '),(1180,NULL,'2019-08-19 22:01:45','cliente preencherá',0,' ',' ',' ','0',0,0,NULL,' '),(1181,NULL,'2019-08-19 22:06:32','cliente preencherá',0,' ',' ',' ','0',0,0,NULL,' '),(1182,2770,'2019-09-29 12:00:28','Rua das Cornélias',231,'esq. av. Brasil',' ','Capão da Canoa','0',0,0,NULL,' '),(1184,NULL,'2019-08-19 22:25:55','cliente preencherá',0,' ',' ',' ','0',0,0,NULL,' '),(1185,NULL,'2019-08-19 22:26:49','cliente preencherá',0,' ',' ',' ','0',0,0,NULL,' '),(1186,NULL,'2019-08-19 22:27:34','cliente preencherá',0,' ',' ',' ','0',0,0,NULL,' '),(1187,NULL,'2019-08-19 22:27:47','cliente preencherá',0,' ',' ',' ','0',0,0,NULL,' '),(1188,NULL,'2019-08-19 22:33:13','cliente preencherá',0,' ',' ',' ','0',0,0,NULL,' '),(1189,NULL,'2019-08-19 22:33:51','cliente preencherá',0,' ',' ',' ','0',0,0,NULL,' '),(1190,NULL,'2019-08-19 22:34:36','cliente preencherá',0,' ',' ',' ','0',0,0,NULL,' '),(1191,NULL,'2019-08-19 22:36:39','cliente preencherá',0,' ',' ',' ','0',0,0,NULL,' '),(1192,NULL,'2019-08-19 22:36:50','cliente preencherá',0,' ',' ',' ','0',0,0,NULL,' '),(1193,NULL,'2019-08-19 22:38:08','cliente preencherá',0,' ',' ',' ','0',0,0,NULL,' '),(1194,NULL,'2019-08-19 22:39:51','cliente preencherá',0,' ',' ',' ','0',0,0,NULL,' '),(1195,NULL,'2019-08-19 22:41:09','cliente preencherá',0,' ',' ',' ','0',0,0,NULL,' '),(1196,NULL,'2019-08-19 22:41:33','cliente preencherá',0,' ',' ',' ','0',0,0,NULL,' '),(1197,NULL,'2019-08-19 22:44:19','cliente preencherá',0,' ',' ',' ','0',0,0,NULL,' '),(1198,NULL,'2019-08-19 22:46:20','cliente preencherá',0,' ',' ',' ','0',0,0,NULL,' '),(1199,NULL,'2019-08-19 22:46:44','cliente preencherá',0,' ',' ',' ','0',0,0,NULL,' '),(1200,NULL,'2019-08-20 14:50:37','cliente preencherá',0,' ',' ',' ','0',0,0,NULL,' '),(1201,NULL,'2019-08-20 18:20:38','cliente preencherá',0,' ',' ',' ','0',0,0,NULL,' '),(1202,NULL,'2019-08-20 18:21:36','cliente preencherá',0,' ',' ',' ','0',0,0,NULL,' '),(1203,NULL,'2019-08-20 19:28:41','cliente preencherá',0,' ',' ',' ','0',0,0,NULL,' '),(1204,NULL,'2019-08-20 19:30:49','cliente preencherá',0,' ',' ',' ','0',0,0,NULL,' '),(1205,NULL,'2019-08-20 19:31:58','cliente preencherá',0,' ',' ',' ','0',0,0,NULL,' '),(1206,NULL,'2019-08-20 19:33:24','cliente preencherá',0,' ',' ',' ','0',0,0,NULL,' '),(1207,NULL,'2019-08-20 19:34:12','cliente preencherá',0,' ',' ',' ','0',0,0,NULL,' '),(1208,NULL,'2019-08-20 21:12:58','cliente preencherá',0,' ',' ',' ','0',0,0,NULL,' '),(1209,NULL,'2019-08-20 21:16:36','cliente preencherá',0,' ',' ',' ','0',0,0,NULL,' '),(1210,NULL,'2019-08-20 21:17:06','cliente preencherá',0,' ',' ',' ','0',0,0,NULL,' '),(1211,NULL,'2019-08-20 21:17:58','cliente preencherá',0,' ',' ',' ','0',0,0,NULL,' '),(1212,NULL,'2019-08-20 21:18:04','cliente preencherá',0,' ',' ',' ','0',0,0,NULL,' '),(1213,NULL,'2019-08-20 21:20:24','cliente preencherá',0,' ',' ',' ','0',0,0,NULL,' '),(1214,NULL,'2019-08-20 21:21:02','cliente preencherá',0,' ',' ',' ','0',0,0,NULL,' '),(1215,NULL,'2019-08-20 21:21:33','cliente preencherá',0,' ',' ',' ','0',0,0,NULL,' '),(1216,NULL,'2019-08-20 21:37:32','cliente preencherá',0,' ',' ',' ','0',0,0,NULL,' '),(1217,NULL,'2019-08-20 21:49:38','cliente preencherá',0,' ',' ',' ','0',0,0,NULL,' '),(1218,NULL,'2019-08-20 22:17:25','cliente preencherá',0,' ',' ',' ','0',0,0,NULL,' '),(1219,NULL,'2019-08-20 22:21:03','cliente preencherá',0,' ','adsfsdafdsaadss',' ','2342',234,23,NULL,' '),(1220,NULL,'2019-08-20 22:22:40','cliente preencherá',0,' ','dsfsafadfa',' ','234',3,23,NULL,' '),(1221,NULL,'2019-08-20 22:24:15','cliente preencherá',0,' ','dsfsafadfa',' ','234',3,23,NULL,' '),(1222,2774,'2019-09-20 12:00:05','Rua das Cornélias',21,'esq. av. Brasil',' ','Capão da Canoa','0',0,0,NULL,' '),(1223,2775,'2019-09-20 12:00:40','Rua das Cornélias',41,'esq. av. Brasil',' ','fdaf','0',0,0,NULL,' '),(1224,NULL,'2019-08-20 23:15:14','cliente preencherá',0,' ',' ',' ','0',0,0,NULL,' '),(1225,NULL,'2019-08-20 23:18:46','cliente preencherá',0,' ',' ',' ','0',0,0,NULL,' '),(1226,NULL,'2019-08-20 23:18:58','cliente preencherá',0,' ',' ',' ','0',0,0,NULL,' '),(1227,NULL,'2019-08-20 23:21:43','cliente preencherá',0,' ',' ',' ','0',0,0,NULL,' '),(1228,2776,'2019-09-20 12:00:05','Rua das Cornélias',21,'esq. av. Brasil','não sei se vai','Capão da Canoa','234',21,2,NULL,' '),(1229,2777,'2019-09-22 11:22:55','Rua Equador',165,'',' ','Capão da Canoa','0',0,0,NULL,' '),(1230,NULL,'2019-08-21 13:08:16','cliente preencherá',0,' ',' ',' ','0',0,0,NULL,' '),(1231,2778,'2019-06-05 14:00:15','Rua das Cornélias',586,'esq. av. Brasil','chega cedo','Capão da Canoa','250',0,30,NULL,' ');
/*!40000 ALTER TABLE `evento` ENABLE KEYS */;
UNLOCK TABLES;

--
-- Table structure for table `evento_brinquedo`
--

DROP TABLE IF EXISTS `evento_brinquedo`;
/*!40101 SET @saved_cs_client     = @@character_set_client */;
/*!40101 SET character_set_client = utf8 */;
CREATE TABLE `evento_brinquedo` (
  `id` int(11) NOT NULL AUTO_INCREMENT,
  `brinquedo` int(11) DEFAULT NULL,
  `evento` int(11) DEFAULT NULL,
  PRIMARY KEY (`id`),
  KEY `brinquedo` (`brinquedo`),
  KEY `evento` (`evento`),
  CONSTRAINT `evento_brinquedo_ibfk_1` FOREIGN KEY (`brinquedo`) REFERENCES `brinquedo` (`id_brinquedo`),
  CONSTRAINT `evento_brinquedo_ibfk_2` FOREIGN KEY (`evento`) REFERENCES `evento` (`id_evento`)
) ENGINE=InnoDB AUTO_INCREMENT=199 DEFAULT CHARSET=utf8;
/*!40101 SET character_set_client = @saved_cs_client */;

--
-- Dumping data for table `evento_brinquedo`
--

LOCK TABLES `evento_brinquedo` WRITE;
/*!40000 ALTER TABLE `evento_brinquedo` DISABLE KEYS */;
INSERT INTO `evento_brinquedo` VALUES (1,3,19),(2,4,19),(3,5,19),(4,7,19),(5,9,19),(6,3,20),(7,4,20),(8,6,20),(12,3,22),(13,4,22),(17,3,24),(18,4,24),(19,5,24),(20,3,25),(21,4,25),(22,5,25),(23,3,26),(24,4,26),(25,5,26),(30,4,1221),(31,6,1221),(32,8,1221),(33,10,1221),(34,3,1222),(35,4,1222),(36,6,1222),(37,7,1222),(38,3,1223),(39,4,1223),(40,5,1223),(41,7,1223),(42,10,1223),(43,6,1228),(44,7,1228),(45,8,1228),(144,4,3),(145,4,4),(191,3,1),(192,4,1),(193,4,2),(194,10,1094),(195,11,1094),(196,4,1231),(197,8,1231),(198,11,1231);
/*!40000 ALTER TABLE `evento_brinquedo` ENABLE KEYS */;
UNLOCK TABLES;

--
-- Table structure for table `perfil`
--

DROP TABLE IF EXISTS `perfil`;
/*!40101 SET @saved_cs_client     = @@character_set_client */;
/*!40101 SET character_set_client = utf8 */;
CREATE TABLE `perfil` (
  `id_perfil` int(11) NOT NULL AUTO_INCREMENT,
  `nome_perfil` varchar(45) DEFAULT NULL,
  `config_perfil` varchar(45) DEFAULT NULL,
  PRIMARY KEY (`id_perfil`)
) ENGINE=InnoDB AUTO_INCREMENT=3 DEFAULT CHARSET=latin1;
/*!40101 SET character_set_client = @saved_cs_client */;

--
-- Dumping data for table `perfil`
--

LOCK TABLES `perfil` WRITE;
/*!40000 ALTER TABLE `perfil` DISABLE KEYS */;
INSERT INTO `perfil` VALUES (1,'play_litoral','play_litoral'),(2,'play_nh','play_nh');
/*!40000 ALTER TABLE `perfil` ENABLE KEYS */;
UNLOCK TABLES;

--
-- Table structure for table `usuario`
--

DROP TABLE IF EXISTS `usuario`;
/*!40101 SET @saved_cs_client     = @@character_set_client */;
/*!40101 SET character_set_client = utf8 */;
CREATE TABLE `usuario` (
  `id` int(11) NOT NULL AUTO_INCREMENT,
  `nome` varchar(100) DEFAULT NULL,
  `username` varchar(45) DEFAULT NULL,
  `password` varchar(100) DEFAULT NULL,
  `email` varchar(45) DEFAULT NULL,
  `nivel` int(11) DEFAULT NULL,
  `perfil` varchar(45) DEFAULT NULL,
  PRIMARY KEY (`id`)
) ENGINE=InnoDB AUTO_INCREMENT=5 DEFAULT CHARSET=latin1;
/*!40101 SET character_set_client = @saved_cs_client */;

--
-- Dumping data for table `usuario`
--

LOCK TABLES `usuario` WRITE;
/*!40000 ALTER TABLE `usuario` DISABLE KEYS */;
INSERT INTO `usuario` VALUES (1,'Eli Somorovski Medeiros','eli','a7ace399784429103233cfe0e4286ada5b035ef4','eli.sm@hotmail.com',1,'play_litoral'),(2,'Amilcar Somorovski Medeiros','amilcar','b0f2753dc6fc37ba7dfedb2ca8c5cc83c00ceb9f','contato.playdiversao@gmail.com',2,'play_nh'),(3,'Álvaro Somorovski Medeiros','alvaro','d1bc03de128d99dfa0ce76dfe295731667cc3f2f','alvaro.sommed@hotmail.com',2,'play_nh'),(4,'Mauê Daniele Medeiros Fagundes','maue','27cf0e0a416cafc0df1c28698605be04a2981a59','playlitoral@gmail.com',2,'play_litoral');
/*!40000 ALTER TABLE `usuario` ENABLE KEYS */;
UNLOCK TABLES;
/*!40103 SET TIME_ZONE=@OLD_TIME_ZONE */;

/*!40101 SET SQL_MODE=@OLD_SQL_MODE */;
/*!40014 SET FOREIGN_KEY_CHECKS=@OLD_FOREIGN_KEY_CHECKS */;
/*!40014 SET UNIQUE_CHECKS=@OLD_UNIQUE_CHECKS */;
/*!40101 SET CHARACTER_SET_CLIENT=@OLD_CHARACTER_SET_CLIENT */;
/*!40101 SET CHARACTER_SET_RESULTS=@OLD_CHARACTER_SET_RESULTS */;
/*!40101 SET COLLATION_CONNECTION=@OLD_COLLATION_CONNECTION */;
/*!40111 SET SQL_NOTES=@OLD_SQL_NOTES */;

-- Dump completed on 2019-08-29  1:47:07
